ORTHO;PERIODE;NBLET;CP_U;GRAM;freq_CP;nblet_mot;CV_ortho;CV_phono;is_easy_vc
a;1;1;10092.45;VER;frequents;court;V;V;1
il;1;2;22020.4;PRO;frequents;court;VC;VC;0
la;1;2;31309.86;DET;frequents;court;CV;CV;0
le;1;2;32230.77;DET;frequents;court;CV;CV;0
ami;1;3;540.49;NC;frequents;court;VCV;VCV;1
ma;1;2;999.73;DET;frequents;court;CV;CV;0
mal;1;3;239.09;ADV;frequents;court;CVC;CVC;0
mamie;1;5;71.86;NC;frequents;court;CVCVV;CVCV;0
me;1;2;824.58;PRO;frequents;court;CV;CV;0
mi;1;2;15.53;NC;rares;court;CV;CV;0
lasso;1;5;2.49;NC;rares;court;CVCCV;CVCV;0
os;1;2;120.03;NC;frequents;court;VC;VC;0
sa;1;2;3741.91;DET;frequents;court;CV;CV;0
sali;1;4;34.99;VER;rares;court;CVCV;CVCV;1
se;1;2;6147.36;PRO;frequents;court;CV;CV;0
si;1;2;1083.64;ADV;frequents;court;CV;CV;0
sol;1;3;186.65;NC;frequents;court;CVC;CVC;0
allé;1;4;149.21;VER;frequents;court;VCCV;VCV;0
ému;1;3;5.41;ADJ;rares;court;VCV;VCV;1
salé;1;4;1.39;ADJ;rares;court;CVCV;CVCV;1
semé;1;4;25.67;VER;rares;court;CVCV;CVCV;1
lavé;1;4;0.43;VER;rares;court;CVCV;CVCV;1
levé;1;4;3.81;VER;rares;court;CVCV;CVCV;1
va;1;2;2087.4;VER;frequents;court;CV;CV;0
vélo;1;4;573.3;NC;frequents;court;CVCV;CVCV;1
villa;1;5;18.38;NC;rares;court;CVCCV;CVCCV;0
vol;1;3;16.2;NC;rares;court;CVC;CVC;0
volé;1;4;60.17;VER;frequents;court;CVCV;CVCV;1
vu;1;2;618.55;VER;frequents;court;CV;CV;0
ira;1;3;44.57;VER;frequents;court;VCV;VCV;1
iris;1;4;8.23;NC;rares;court;VCVC;VCVC;0
lira;1;4;12.28;VER;rares;court;CVCV;CVCV;1
mari;1;4;25.72;NC;rares;court;CVCV;CVCV;1
mur;1;3;195.94;NC;frequents;court;CVC;CVC;0
or;1;2;107.48;NC;frequents;court;VC;VC;0
ramé;1;4;0.52;VER;rares;court;CVCV;CVCV;1
salir;1;5;19.48;VER;rares;court;CVCVC;CVCVC;0
sera;1;4;251.62;VER;frequents;court;CVCV;CVCV;1
sur;1;3;5205.24;PRE;frequents;court;CVC;CVC;0
amour;1;5;21.78;NC;rares;court;VCVVC;VCVC;0
mou;1;3;3.85;ADJ;rares;court;CVV;CV;0
ou;1;2;1145.98;CON;frequents;court;VV;V;0
ours;1;4;643.1;NC;frequents;court;VVCC;VCC;0
ouvrir;1;6;97.21;VER;frequents;long;VVCCVC;VCCVC;0
roula;1;5;10.68;VER;rares;court;CVVCV;CVCV;0
roulé;1;5;0.7;VER;rares;court;CVVCV;CVCV;0
sou;1;3;0.42;NC;rares;court;CVV;CV;0
lame;1;4;25.7;NC;rares;court;CVCV;CVC;1
lave;1;4;200.44;VER;frequents;court;CVCV;CVC;1
lire;1;4;628.94;VER;frequents;court;CVCV;CVC;1
lit;1;3;854.38;NC;frequents;court;CVC;CV;0
mie;1;3;0.5;NC;rares;court;CVV;CV;0
mot;1;3;238.6;NC;frequents;court;CVC;CV;0
moule;1;5;55.04;NC;frequents;court;CVVCV;CVC;0
mousse;1;6;116.59;NC;frequents;long;CVVCCV;CVC;0
mule;1;4;31.62;NC;rares;court;CVCV;CVC;1
olive;1;5;25.48;NC;rares;court;VCVCV;VCVC;1
rat;1;3;460.21;NC;frequents;court;CVC;CV;0
rive;1;4;51.8;NC;frequents;court;CVCV;CVC;1
roux;1;4;26.73;ADJ;rares;court;CVVC;CV;0
rue;1;3;707.09;NC;frequents;court;CVV;CV;0
sale;1;4;158.95;ADJ;frequents;court;CVCV;CVC;1
rame;1;4;32.5;NC;rares;court;CVCV;CVC;1
salut;1;5;22.39;NC;rares;court;CVCVC;CVCV;0
souris;1;6;514.05;NC;frequents;long;CVVCVC;CVCV;0
sous;1;4;622.39;PRE;frequents;court;CVVC;CV;0
vie;1;3;126.38;NC;frequents;court;CVV;CV;0
ville;1;5;411.38;NC;frequents;court;CVCCV;CVC;0
vole;1;4;167.02;VER;frequents;court;CVCV;CVC;1
vos;1;3;52.33;DET;frequents;court;CVC;CV;0
vous;1;4;1552.03;PRO;frequents;court;CVVC;CV;0
vue;1;3;13.47;NC;rares;court;CVV;CV;0
animal;1;6;221.99;NC;frequents;long;VCVCVC;VCVCVC;0
année;1;5;182.15;NC;frequents;court;VCCVV;VCV;0
lune;1;4;470.6;NC;frequents;court;CVCV;CVC;1
marine;1;6;13.76;ADJ;rares;long;CVCVCV;CVCVC;1
menu;1;4;58.7;NC;frequents;court;CVCV;CVCV;1
navire;1;6;81.41;NC;frequents;long;CVCVCV;CVCVC;1
ne;1;2;4200.13;ADV;frequents;court;CV;CV;0
né;1;2;42.54;VER;frequents;court;CV;CV;0
ni;1;2;265.5;CON;frequents;court;CV;CV;0
nos;1;3;123.43;DET;frequents;court;CVC;CV;0
nourrir;1;7;24.83;VER;rares;long;CVVCCVC;CVCVC;0
sonne;1;5;113.84;VER;frequents;court;CVCCV;CVC;0
nous;1;4;1409.3;PRO;frequents;court;CVVC;CV;0
nu;1;2;42.08;ADJ;frequents;court;CV;CV;0
nul;1;3;0.43;PRO;rares;court;CVC;CVC;0
numéro;1;6;90.31;NC;frequents;long;CVCVCV;CVCVCV;1
savane;1;6;0.62;NC;rares;long;CVCVCV;CVCVC;1
une;1;3;20528.37;DET;frequents;court;VCV;VC;1
venir;1;5;108.99;VER;frequents;court;CVCVC;CVCVC;0
un;1;2;28807.19;DET;frequents;court;VC;V;0
affamé;1;6;0.37;ADJ;rares;long;VCCVCV;VCVCV;0
fa;1;2;23.83;NC;rares;court;CV;CV;0
fallu;1;5;8.16;VER;rares;court;CVCCV;CVCV;0
farine;1;6;229.63;NC;frequents;long;CVCVCV;CVCVC;1
fée;1;3;112.55;NC;frequents;court;CVV;CV;0
file;1;4;56.43;VER;frequents;court;CVCV;CVC;1
fine;1;4;19.42;ADJ;rares;court;CVCV;CVC;1
fini;1;4;140.55;VER;frequents;court;CVCV;CVCV;1
finir;1;5;35.66;VER;rares;court;CVCVC;CVCVC;0
fort;1;4;307.68;ADV;frequents;court;CVCC;CVC;0
four;1;4;101.63;NC;frequents;court;CVVC;CVC;0
fume;1;4;50.42;VER;frequents;court;CVCV;CVC;1
affiche;1;7;48.13;NC;frequents;long;VCCVCCV;VCVC;0
char;1;4;24.87;NC;rares;court;CCVC;CVC;0
chasse;1;6;36.73;NC;rares;long;CCVCCV;CVC;0
chassé;1;6;0.52;VER;rares;long;CCVCCV;CVCV;0
chat;1;4;1714.06;NC;frequents;court;CCVC;CV;0
cheval;1;6;292.77;NC;frequents;long;CCVCVC;CVCVC;0
chou;1;4;109.79;NC;frequents;court;CCVV;CV;0
machine;1;7;118.01;NC;frequents;long;CVCCVCV;CVCVC;0
marché;1;6;73.23;NC;frequents;long;CVCCCV;CVCCV;0
mouche;1;6;32.52;NC;rares;long;CVVCCV;CVC;0
niche;1;5;131.88;NC;frequents;court;CVCCV;CVC;0
riche;1;5;31.77;ADJ;rares;court;CVCCV;CVC;0
roche;1;5;0.62;NC;rares;court;CVCCV;CVC;0
ruche;1;5;36.73;NC;rares;court;CVCCV;CVC;0
vache;1;5;176.26;NC;frequents;court;CVCCV;CVC;0
jaloux;1;6;8.26;ADJ;rares;long;CVCVVC;CVCV;0
joli;1;4;240.27;ADJ;frequents;court;CVCV;CVCV;1
joué;1;4;90.44;VER;frequents;court;CVVV;CYV;0
jour;1;4;858.94;NC;frequents;court;CVVC;CVC;0
journal;1;7;205.42;NC;frequents;long;CVVCCVC;CVCCVC;0
journée;1;7;223.31;NC;frequents;long;CVVCCVV;CVCCV;0
jus;1;3;121.11;NC;frequents;court;CVC;CV;0
séjour;1;6;13.45;NC;rares;long;CVCVVC;CVCVC;0
adore;1;5;39.44;VER;rares;court;VCVCV;VCVC;1
dame;1;4;104.66;NC;frequents;court;CVCV;CVC;1
de;1;2;25056.03;PRE;frequents;court;CV;CV;0
dé;1;2;21.62;NC;rares;court;CV;CV;0
déchiré;1;7;3.84;VER;rares;long;CVCCVCV;CVCVCV;0
demi;1;4;3.84;ADV;rares;court;CVCV;CVCV;1
dessus;1;6;59.96;ADV;frequents;long;CVCCVC;CVCV;0
dire;1;4;267.3;VER;frequents;court;CVCV;CVC;1
do;1;2;22.47;NC;rares;court;CV;CV;0
domino;1;6;42.6;NC;frequents;long;CVCVCV;CVCVCV;1
doré;1;4;22.91;ADJ;rares;court;CVCV;CVCV;1
dormir;1;6;104.63;VER;frequents;long;CVCCVC;CVCCVC;0
dos;1;3;362.61;NC;frequents;court;CVC;CV;0
douche;1;6;46.7;NC;frequents;long;CVVCCV;CVC;0
doux;1;4;70.22;ADJ;frequents;court;CVVC;CV;0
du;1;2;6517.12;DET;frequents;court;CV;CV;0
dur;1;3;53.97;ADJ;frequents;court;CVC;CVC;0
foudre;1;6;1.83;NC;rares;long;CVVCCV;CVCC;0
idée;1;4;273.93;NC;frequents;court;VCVV;VCV;0
judo;1;4;41.47;NC;frequents;court;CVCV;CVCV;1
lundi;1;5;70.22;NC;frequents;court;CVCCV;CVCV;0
madame;1;6;273.93;NC;frequents;long;CVCVCV;CVCVC;1
malade;1;6;188.11;ADJ;frequents;long;CVCVCV;CVCVC;1
mardi;1;5;102.27;NC;frequents;court;CVCCV;CVCCV;0
midi;1;4;179.53;NC;frequents;court;CVCV;CVCV;1
radio;1;5;54.11;NC;frequents;court;CVCVV;CVCYV;0
radis;1;5;131.21;NC;frequents;court;CVCVC;CVCV;0
salade;1;6;296.16;NC;frequents;long;CVCVCV;CVCVC;1
solide;1;6;45.3;ADJ;frequents;long;CVCVCV;CVCVC;1
sud;1;3;10.67;NC;rares;court;CVC;CVC;0
chuchoté;1;8;1.01;VER;rares;long;CCVCCVCV;CVCVCV;0
chute;1;5;3.72;NC;rares;court;CCVCV;CVC;0
date;1;4;25.92;NC;rares;court;CVCV;CVC;1
été;1;3;295.02;VER;frequents;court;VCV;VCV;1
loto;1;4;81.43;NC;frequents;court;CVCV;CVCV;1
métal;1;5;1.05;NC;rares;court;CVCVC;CVCVC;0
météo;1;5;7.6;NC;rares;court;CVCVV;CVCVV;0
minute;1;6;42.68;NC;frequents;long;CVCVCV;CVCVC;1
moto;1;4;259.6;NC;frequents;court;CVCV;CVCV;1
nature;1;6;40.69;NC;frequents;long;CVCVCV;CVCVC;1
noté;1;4;3.97;VER;rares;court;CVCV;CVCV;1
notre;1;5;228.92;DET;frequents;court;CVCCV;CVCC;0
route;1;5;423.93;NC;frequents;court;CVVCV;CVC;0
ta;1;2;378.88;DET;frequents;court;CV;CV;0
tache;1;5;50.13;NC;frequents;court;CVCCV;CVC;0
tarte;1;5;240.05;NC;frequents;court;CVCCV;CVCC;0
tartine;1;7;32.89;NC;rares;long;CVCCVCV;CVCCVC;0
tasse;1;5;109.63;NC;frequents;court;CVCCV;CVC;0
te;1;2;873.39;PRO;frequents;court;CV;CV;0
télé;1;4;51.69;NC;frequents;court;CVCV;CVCV;1
tir;1;3;21.94;NC;rares;court;CVC;CVC;0
tissu;1;5;70.34;NC;frequents;court;CVCCV;CVCV;0
tomate;1;6;47.33;NC;frequents;long;CVCVCV;CVCVC;1
tortue;1;6;515.09;NC;frequents;long;CVCCVV;CVCCV;0
toujours;1;8;485.48;ADV;frequents;long;CVVCVVCC;CVCVC;0
tour;1;4;306.76;NC;frequents;court;CVVC;CVC;0
tousse;1;6;38.11;VER;rares;long;CVVCCV;CVC;0
triste;1;6;111.25;ADJ;frequents;long;CCVCCV;CCVCC;0
trou;1;4;195.23;NC;frequents;court;CCVV;CCV;0
trousse;1;7;50.59;NC;frequents;long;CCVVCCV;CCVC;0
tu;1;2;5467.58;PRO;frequents;court;CV;CV;0
vite;1;4;1365.09;ADV;frequents;court;CVCV;CVC;1
votre;1;5;249.57;DET;frequents;court;CVCCV;CVCC;0
départ;1;6;215.91;NC;frequents;long;CVCVCC;CVCVC;0
épi;1;3;43.23;NC;frequents;court;VCV;VCV;1
jupe;1;4;122.04;NC;frequents;court;CVCV;CVC;1
papa;1;4;1269.72;NC;frequents;court;CVCV;CVCV;1
par;1;3;1217.79;PRE;frequents;court;CVC;CVC;0
parti;1;5;36.79;VER;rares;court;CVCCV;CVCCV;0
pas;1;3;5110.42;ADV;frequents;court;CVC;CV;0
passé;1;5;3.96;ADJ;rares;court;CVCCV;CVCV;0
pédale;1;6;35.56;NC;rares;long;CVCVCV;CVCVC;1
pétale;1;6;32.36;NC;rares;long;CVCVCV;CVCVC;1
petit;1;5;3700.98;ADJ;frequents;court;CVCVC;CVCV;0
pétri;1;5;0.42;VER;rares;court;CVCCV;CVCCV;0
piano;1;5;62.91;NC;frequents;court;CVVCV;CYVCV;0
pie;1;3;110.52;NC;frequents;court;CVV;CV;0
pile;1;4;88.02;NC;frequents;court;CVCV;CVC;1
pilote;1;6;34.95;NC;rares;long;CVCVCV;CVCVC;1
pipe;1;4;90.99;NC;frequents;court;CVCV;CVC;1
pirate;1;6;43.58;NC;frequents;long;CVCVCV;CVCVC;1
piste;1;5;105.85;NC;frequents;court;CVCCV;CVCC;0
pli;1;3;10.33;NC;rares;court;CCV;CCV;0
plu;1;3;36.73;VER;rares;court;CCV;CCV;0
plume;1;5;112.23;NC;frequents;court;CCVCV;CCVC;0
poche;1;5;159.91;NC;frequents;court;CVCCV;CVC;0
poli;1;4;19.03;ADJ;rares;court;CVCV;CVCV;1
porte;1;5;544.91;NC;frequents;court;CVCCV;CVCC;0
poste;1;5;159.59;NC;frequents;court;CVCCV;CVCC;0
poule;1;5;183.83;NC;frequents;court;CVVCV;CVC;0
poupée;1;6;178.76;NC;frequents;long;CVVCVV;CVCV;0
pour;1;4;5832.38;PRE;frequents;court;CVVC;CVC;0
poux;1;4;15.64;NC;rares;court;CVVC;CV;0
prix;1;4;98.36;NC;frequents;court;CCVC;CCV;0
proche;1;6;0.76;ADJ;rares;long;CCVCCV;CCVC;0
prune;1;5;15.28;NC;rares;court;CCVCV;CCVC;0
pu;1;2;84.06;VER;frequents;court;CV;CV;0
rapide;1;6;143.76;ADJ;frequents;long;CVCVCV;CVCVC;1
tapis;1;5;221.51;NC;frequents;court;CVCVC;CVCV;0
toupie;1;6;27.16;NC;rares;long;CVVCVV;CVCV;0
arc;2;3;22.23;NC;rares;court;VCC;VCC;0
cacao;2;5;38.91;NC;rares;court;CVCVV;CVCVV;0
café;2;4;122.05;NC;frequents;court;CVCV;CVCV;1
car;2;3;358.59;CON;frequents;court;CVC;CVC;0
carotte;2;7;3.72;NC;rares;long;CVCVCCV;CVCVC;0
carré;2;5;40.34;NC;frequents;court;CVCCV;CVCV;0
carte;2;5;187.67;NC;frequents;court;CVCCV;CVCC;0
cassé;2;5;114.62;VER;frequents;court;CVCCV;CVCV;0
cave;2;4;94.61;NC;frequents;court;CVCV;CVC;1
chocolat;2;8;446.19;NC;frequents;long;CCVCVCVC;CVCVCV;0
clé;2;3;126.59;NC;frequents;court;CCV;CCV;0
cloche;2;6;58.91;NC;frequents;long;CCVCCV;CCVC;0
clou;2;4;70.22;NC;frequents;court;CCVV;CCV;0
coco;2;4;6.55;NC;rares;court;CVCV;CVCV;1
colle;2;5;81.11;NC;frequents;court;CVCCV;CVC;0
cou;2;3;169.06;NC;frequents;court;CVV;CV;0
coucou;2;6;22.34;NC;rares;long;CVVCVV;CVCV;0
coude;2;5;21.97;NC;rares;court;CVVCV;CVC;0
coupe;2;5;127.35;VER;frequents;court;CVVCV;CVC;0
coupé;2;5;31.82;VER;rares;court;CVVCV;CVCV;0
courir;2;6;118.7;VER;frequents;long;CVVCVC;CVCVC;0
cri;2;3;73.54;NC;frequents;court;CCV;CCV;0
cru;2;3;27.23;VER;rares;court;CCV;CCV;0
culotte;2;7;65.04;NC;frequents;long;CVCVCCV;CVCVC;0
éclat;2;5;3.89;NC;rares;court;VCCVC;VCCV;0
école;2;5;1076.05;NC;frequents;court;VCVCV;VCVC;1
écrire;2;6;156.49;VER;frequents;long;VCCVCV;VCCVC;0
lac;2;3;107.33;NC;frequents;court;CVC;CVC;0
parc;2;4;82;NC;frequents;court;CVCC;CVCC;0
pic;2;3;33.11;NC;rares;court;CVC;CVC;0
sac;2;3;484.38;NC;frequents;court;CVC;CVC;0
sucre;2;5;307.93;NC;frequents;court;CVCCV;CVCC;0
abri;2;4;104.17;NC;frequents;court;VCCV;VCCV;0
arbre;2;5;398.19;NC;frequents;court;VCCCV;VCCC;0
bac;2;3;3.89;NC;rares;court;CVC;CVC;0
balade;2;6;1.22;NC;rares;long;CVCVCV;CVCVC;1
balle;2;5;168.07;NC;frequents;court;CVCCV;CVC;0
banane;2;6;96.86;NC;frequents;long;CVCVCV;CVCVC;1
bas;2;3;61.11;NC;frequents;court;CVC;CV;0
bébé;2;4;379.08;NC;frequents;court;CVCV;CVCV;1
biche;2;5;13.26;NC;rares;court;CVCCV;CVC;0
bijou;2;5;10.6;NC;rares;court;CVCVV;CVCV;0
blé;2;3;90.91;NC;frequents;court;CCV;CCV;0
boa;2;3;16.21;NC;rares;court;CVV;CVV;0
bol;2;3;123.06;NC;frequents;court;CVC;CVC;0
bouche;2;6;173.57;NC;frequents;long;CVVCCV;CVC;0
boucle;2;6;19.08;NC;rares;long;CVVCCV;CVCC;0
bravo;2;5;98.65;INT;frequents;court;CCVCV;CCVCV;0
brioche;2;7;52.41;NC;frequents;long;CCVVCCV;CCVYVC;0
brun;2;4;25.74;ADJ;rares;court;CCVC;CCV;0
bu;2;2;63.83;VER;frequents;court;CV;CV;0
bulle;2;5;8.18;NC;rares;court;CVCCV;CVC;0
cabine;2;6;13.47;NC;rares;long;CVCVCV;CVCVC;1
crabe;2;5;54.23;NC;frequents;court;CCVCV;CCVC;0
lavabo;2;6;51.17;NC;frequents;long;CVCVCV;CVCVCV;1
oublié;2;6;82.78;VER;frequents;long;VVCCVV;VCCVYV;0
robe;2;4;256.91;NC;frequents;court;CVCV;CVC;1
sable;2;5;68.58;NC;frequents;court;CVCCV;CVCC;0
table;2;5;479.89;NC;frequents;court;CVCCV;CVCC;0
tube;2;4;31.64;NC;rares;court;CVCV;CVC;1
frigo;2;5;0.62;NC;rares;court;CCVCV;CCVCV;0
galope;2;6;8.96;VER;rares;long;CVCVCV;CVCVC;1
gare;2;4;147.84;NC;frequents;court;CVCV;CVC;1
grappe;2;6;46.7;NC;frequents;long;CCVCCV;CCVC;0
griffe;2;6;0.42;NC;rares;long;CCVCCV;CCVC;0
gris;2;4;107.63;ADJ;frequents;court;CCVC;CCV;0
grotte;2;6;21.87;NC;rares;long;CCVCCV;CCVC;0
groupe;2;6;5.45;NC;rares;long;CCVVCV;CCVC;0
grue;2;4;28.6;NC;rares;court;CCVV;CCV;0
légume;2;6;22.32;NC;rares;long;CVCVCV;CVCVC;1
ogre;2;4;47.53;NC;frequents;court;VCCV;VCC;0
rigolo;2;6;0.5;ADJ;rares;long;CVCVCV;CVCVCV;1
tigre;2;5;84.58;NC;frequents;court;CVCCV;CVCC;0
bague;2;5;131.23;NC;frequents;court;CVCVV;CVC;0
guérir;2;6;8.23;VER;rares;long;CVVCVC;CVCVC;0
gui;2;3;3.67;NC;rares;court;CVV;CV;0
guide;2;5;11.87;NC;rares;court;CVVCV;CVC;0
guitare;2;7;189.79;NC;frequents;long;CVVCVCV;CVCVC;0
vague;2;5;25.24;NC;rares;court;CVCVV;CVC;0
anorak;2;6;35.76;NC;rares;long;VCVCVC;VCVCVC;0
karaté;2;6;3.74;NC;rares;long;CVCVCV;CVCVCV;1
képi;2;4;44.35;NC;frequents;court;CVCV;CVCV;1
kilo;2;4;75.75;NC;frequents;court;CVCV;CVCV;1
kimono;2;6;49.39;NC;frequents;long;CVCVCV;CVCVCV;1
koala;2;5;13.93;NC;rares;court;CVVCV;CVVCV;0
ski;2;3;159.32;NC;frequents;court;CCV;CCV;0
brique;2;6;7.97;NC;rares;long;CCVCVV;CCVC;0
casque;2;6;19.6;NC;rares;long;CVCCVV;CVCC;0
chaque;2;6;660.06;ADJ;frequents;long;CCVCVV;CVC;0
claque;2;6;10.63;NC;rares;long;CCVCVV;CCVC;0
coq;2;3;159.76;NC;frequents;court;CVC;CVC;0
équipe;2;6;90.42;NC;frequents;long;VCVVCV;VCVC;0
liquide;2;7;10.56;NC;rares;long;CVCVVCV;CVCVC;0
masque;2;6;107.22;NC;frequents;long;CVCCVV;CVCC;0
nuque;2;5;1.5;NC;rares;court;CVCVV;CVC;0
piqué;2;5;8.14;VER;rares;court;CVCVV;CVCV;0
quart;2;5;0.42;NC;rares;court;CVVCC;CVC;0
que;2;3;2806.59;CON;frequents;court;CVV;CV;0
qui;2;3;6617.53;PRO;frequents;court;CVV;CV;0
risque;2;6;13.38;VER;rares;long;CVCCVV;CVCC;0
taquine;2;7;7.63;VER;rares;long;CVCVVCV;CVCVC;0
azur;2;4;3.97;NC;rares;court;VCVC;VCVC;0
bazar;2;5;29.45;NC;rares;court;CVCVC;CVCVC;0
bizarre;2;7;117.57;ADJ;frequents;long;CVCVCCV;CVCVC;0
douze;2;5;73.08;ADJ;frequents;court;CVVCV;CVC;0
gaz;2;3;21.94;NC;rares;court;CVC;CVC;0
zéro;2;4;63.81;NC;frequents;court;CVCV;CVCV;1
zoo;2;3;145.77;NC;frequents;court;CVV;CVV;0
es;2;2;377.17;VER;frequents;court;VC;V;0
des;2;3;10966.62;DET;frequents;court;CVC;CV;0
les;2;3;13993.85;DET;frequents;court;CVC;CV;0
mes;2;3;430.31;DET;frequents;court;CVC;CV;0
ses;2;3;2209.86;DET;frequents;court;CVC;CV;0
tes;2;3;229.48;DET;frequents;court;CVC;CV;0
est;2;3;18352.48;VER;frequents;court;VCC;VCC;0
dent;2;4;128.7;NC;frequents;court;CVCC;CV;0
en;2;2;6156.27;PRE;frequents;court;VC;V;0
encore;2;6;794.32;ADV;frequents;long;VCCVCV;VCVC;0
entré;2;5;3.89;VER;rares;court;VCCCV;VCCV;0
envie;2;5;166.73;NC;frequents;court;VCCVV;VCV;0
lent;2;4;10.86;ADJ;rares;court;CVCC;CV;0
ment;2;4;4.03;VER;rares;court;CVCC;CV;0
mentir;2;6;5.49;VER;rares;long;CVCCVC;CVCVC;0
prendre;2;7;232.09;VER;frequents;long;CCVCCCV;CCVCC;0
sentir;2;6;5.58;VER;rares;long;CVCCVC;CVCVC;0
tente;2;5;55.38;NC;frequents;court;CVCCV;CVC;0
vendre;2;6;47.78;VER;frequents;long;CVCCCV;CVCC;0
vent;2;4;422.01;NC;frequents;court;CVCC;CV;0
ventre;2;6;176.35;NC;frequents;long;CVCCCV;CVCC;0
avion;2;5;235.19;NC;frequents;court;VCVVC;VCYV;0
ballon;2;6;216.64;NC;frequents;long;CVCCVC;CVCV;0
bon;2;3;661.22;ADJ;frequents;court;CVC;CV;0
bonbon;2;6;37.78;NC;rares;long;CVCCVC;CVCV;0
bonjour;2;7;388.39;NC;frequents;long;CVCCVVC;CVCVC;0
bouton;2;6;52.85;NC;frequents;long;CVVCVC;CVCV;0
camion;2;6;161.05;NC;frequents;long;CVCVVC;CVCYV;0
cochon;2;6;81.74;NC;frequents;long;CVCCVC;CVCV;0
compote;2;7;35.02;NC;rares;long;CVCCVCV;CVCVC;0
conte;2;5;55.1;NC;frequents;court;CVCCV;CVC;0
coton;2;5;39.54;NC;rares;court;CVCVC;CVCV;0
dragon;2;6;31.32;NC;rares;long;CCVCVC;CCVCV;0
fondu;2;5;10.87;ADJ;rares;court;CVCCV;CVCV;0
lion;2;4;202.12;NC;frequents;court;CVVC;CYV;0
melon;2;5;28.7;NC;rares;court;CVCVC;CVCV;0
mon;2;3;1824.41;DET;frequents;court;CVC;CV;0
monstre;2;7;27.1;NC;rares;long;CVCCCCV;CVCCC;0
montre;2;6;99.87;VER;frequents;long;CVCCCV;CVCC;0
mouton;2;6;172.46;NC;frequents;long;CVVCVC;CVCV;0
nombre;2;6;52.28;NC;frequents;long;CVCCCV;CVCC;0
ombre;2;5;86.4;NC;frequents;court;VCCCV;VCC;0
on;2;2;2897.81;PRO;frequents;court;VC;V;0
oncle;2;5;105.66;NC;frequents;court;VCCCV;VCC;0
ongle;2;5;28.6;NC;rares;court;VCCCV;VCC;0
onze;2;4;93.05;ADJ;frequents;court;VCCV;VC;0
pompe;2;5;63.64;NC;frequents;court;CVCCV;CVC;0
pont;2;4;189.23;NC;frequents;court;CVCC;CV;0
salon;2;5;74.42;NC;frequents;court;CVCVC;CVCV;0
son;2;3;5141.88;DET;frequents;court;CVC;CV;0
ton;2;3;441.74;DET;frequents;court;CVC;CV;0
angle;2;5;3.62;NC;rares;court;VCCCV;VCC;0
avant;2;5;329.03;PRE;frequents;court;VCVCC;VCV;0
banque;2;6;3.91;NC;rares;long;CVCCVV;CVC;0
blanche;2;7;122.53;ADJ;frequents;long;CCVCCCV;CCVCV;0
cantine;2;7;52.68;NC;frequents;long;CVCCVCV;CVCVC;0
chambre;2;7;372.45;NC;frequents;long;CCVCCCV;CVCC;0
chanson;2;7;134.53;NC;frequents;long;CCVCCVC;CVCV;0
danse;2;5;67.18;NC;frequents;court;CVCCV;CVC;0
devant;2;6;275;PRE;frequents;long;CVCVCC;CVCV;0
écran;2;5;36.38;NC;rares;court;VCCVC;VCCV;0
gant;2;4;36.77;NC;rares;court;CVCC;CV;0
jambe;2;5;81.91;NC;frequents;court;CVCCV;CVC;0
jambon;2;6;107.11;NC;frequents;long;CVCCVC;CVCV;0
lampe;2;5;138.13;NC;frequents;court;CVCCV;CVC;0
maman;2;5;2333.21;NC;frequents;court;CVCVC;CVCV;0
manche;2;6;69.13;NC;frequents;long;CVCCCV;CVC;0
panda;2;5;0.77;NC;rares;court;CVCCV;CVCV;0
pendant;2;7;462.03;PRE;frequents;long;CVCCVCC;CVCV;0
plan;2;4;27.44;NC;rares;court;CCVC;CCV;0
ruban;2;5;39.56;NC;rares;court;CVCVC;CVCV;0
tante;2;5;78.55;NC;frequents;court;CVCCV;CVC;0
viande;2;6;40.47;NC;frequents;long;CVVCCV;CYVC;0
volcan;2;6;11.9;NC;rares;long;CVCCVC;CVCCV;0
chemin;2;6;261.03;_NC;frequents;long;CCVCVC;CVCV;0
dinde;2;5;15.56;NC;rares;court;CVCCV;CVC;0
fin;2;3;202.26;NC;frequents;court;CVC;CV;0
impoli;2;6;7.21;ADJ;rares;long;VCCVCV;VCVCV;0
invité;2;6;45.78;VER;frequents;long;VCCVCV;VCVCV;0
jardin;2;6;1082.71;NC;frequents;long;CVCCVC;CVCCV;0
lapin;2;5;386.8;NC;frequents;court;CVCVC;CVCV;0
lin;2;3;0.62;NC;rares;court;CVC;CV;0
malin;2;5;23.52;ADJ;rares;court;CVCVC;CVCV;0
matin;2;5;671.84;NC;frequents;court;CVCVC;CVCV;0
pin;2;3;32.01;NC;rares;court;CVC;CV;0
sapin;2;5;218.4;NC;frequents;court;CVCVC;CVCV;0
timbre;2;6;36.15;NC;rares;long;CVCCCV;CVCC;0
vin;2;3;35.48;NC;rares;court;CVC;CV;0
avec;2;4;5207.47;PRE;frequents;court;VCVC;VCVC;0
belle;2;5;400.52;ADJ;frequents;court;CVCCV;CVC;0
elle;2;4;8507.24;PRO;frequents;court;VCCV;VC;0
ferme;2;5;158.31;NC;frequents;court;CVCCV;CVCC;0
festin;2;6;0.42;NC;rares;long;CVCCVC;CVCCV;0
galette;2;7;60.06;NC;frequents;long;CVCVCCV;CVCVC;0
jette;2;5;109.76;VER;frequents;court;CVCCV;CVC;0
lettre;2;6;186.65;NC;frequents;long;CVCCCV;CVCC;0
pelle;2;5;92.42;NC;frequents;court;CVCCV;CVC;0
perdu;2;5;284.08;VER;frequents;court;CVCCV;CVCCV;0
perle;2;5;8.32;NC;rares;court;CVCCV;CVCC;0
poubelle;2;8;19.72;NC;rares;long;CVVCVCCV;CVCVC;0
quel;2;4;540.36;ADJ;frequents;court;CVVC;CVC;0
reste;2;5;288.36;VER;frequents;court;CVCCV;CVCC;0
serpent;2;7;78.97;NC;frequents;long;CVCCVCC;CVCCV;0
terre;2;5;569.25;NC;frequents;court;CVCCV;CVC;0
verre;2;5;227.4;NC;frequents;court;CVCCV;CVC;0
vert;2;4;433.81;ADJ;frequents;court;CVCC;CVC;0
veste;2;5;110.51;NC;frequents;court;CVCCV;CVCC;0
ça;2;2;827.61;PRO;frequents;court;CV;CV;0
ce;2;2;1453.13;DET;frequents;court;CV;CV;0
ceci;2;4;7.68;PRO;rares;court;CVCV;CVCV;1
cela;2;4;301.36;PRO;frequents;court;CVCV;CVCV;1
cet;2;3;181.99;DET;frequents;court;CVC;CVC;0
cette;2;5;938.85;DET;frequents;court;CVCCV;CVC;0
ci;2;2;25.9;ADV;rares;court;CV;CV;0
ciel;2;4;231.89;NC;frequents;court;CVVC;CYVC;0
cil;2;3;19.75;NC;rares;court;CVC;CVC;0
cirque;2;6;216.58;NC;frequents;long;CVCCVV;CVCC;0
citron;2;6;126.2;NC;frequents;long;CVCCVC;CVCCV;0
douce;2;5;32.8;ADJ;rares;court;CVVCV;CVC;0
épice;2;5;2.49;NC;rares;court;VCVCV;VCVC;1
facile;2;6;103.17;ADJ;frequents;long;CVCVCV;CVCVC;1
garçon;2;6;535.11;NC;frequents;long;CVCCVC;CVCCV;0
glace;2;5;332.42;NC;frequents;court;CCVCV;CCVC;0
glaçon;2;6;10.7;NC;rares;long;CCVCVC;CCVCV;0
ici;2;3;253.98;ADV;frequents;court;VCV;VCV;1
leçon;2;5;96.92;NC;frequents;court;CVCVC;CVCV;0
police;2;6;65.26;NC;frequents;long;CVCVCV;CVCVC;1
prince;2;6;110.03;NC;frequents;long;CCVCCV;CCVC;0
puce;2;4;19.47;NC;rares;court;CVCV;CVC;1
reçu;2;4;87.88;VER;frequents;court;CVCV;CVCV;1
piscine;2;7;174.83;NC;frequents;long;CVCCVCV;CVCVC;0
scie;2;4;15.4;NC;rares;court;CCVV;CV;0
agir;3;4;1.05;VER;rares;court;VCVC;VCVC;0
bougie;3;6;58.46;NC;frequents;long;CVVCVV;CVCV;0
cage;3;4;154.77;NC;frequents;court;CVCV;CVC;1
étage;3;5;10.75;NC;rares;court;VCVCV;VCVC;1
fromage;3;7;292.47;NC;frequents;long;CCVCVCV;CCVCVC;0
garage;3;6;107.46;NC;frequents;long;CVCVCV;CVCVC;1
gorge;3;5;3.89;NC;rares;court;CVCCV;CVCC;0
juge;3;4;3.97;NC;rares;court;CVCV;CVC;1
mange;3;5;399.35;VER;frequents;court;CVCCV;CVC;0
mangé;3;5;198.15;VER;frequents;court;CVCCV;CVCV;0
nage;3;4;63.28;VER;frequents;court;CVCV;CVC;1
orange;3;6;73.1;NC;frequents;long;VCVCCV;VCVC;0
page;3;4;140.13;NC;frequents;court;CVCV;CVC;1
plage;3;5;31.04;NC;rares;court;CCVCV;CCVC;0
rouge;3;5;604.79;ADJ;frequents;court;CVVCV;CVC;0
sage;3;4;16.23;ADJ;rares;court;CVCV;CVC;1
singe;3;5;62.87;NC;frequents;court;CVCCV;CVC;0
amuse;3;5;98.36;VER;frequents;court;VCVCV;VCVC;1
assise;3;6;29.61;VER;rares;long;VCCVCV;VCVC;0
base;3;4;0.61;NC;rares;court;CVCV;CVC;1
bise;3;4;3.86;NC;rares;court;CVCV;CVC;1
bison;3;5;0.62;NC;rares;court;CVCVC;CVCV;0
bisou;3;5;12.69;NC;rares;court;CVCVV;CVCV;0
cerise;3;6;35.48;NC;rares;long;CVCVCV;CVCVC;1
chose;3;5;202.75;NC;frequents;court;CCVCV;CVC;0
cousin;3;6;67.69;NC;frequents;long;CVVCVC;CVCV;0
désert;3;6;8.2;NC;rares;long;CVCVCC;CVCVC;0
écrasé;3;6;1.25;VER;rares;long;VCCVCV;VCCVCV;0
frisé;3;5;0.75;ADJ;rares;court;CCVCV;CCVCV;0
mise;3;4;3.89;VER;rares;court;CVCV;CVC;1
osé;3;3;0.5;VER;rares;court;VCV;VCV;1
posé;3;4;43.88;VER;frequents;court;CVCV;CVCV;1
rose;3;4;173.53;ADJ;frequents;court;CVCV;CVC;1
ruse;3;4;8.37;NC;rares;court;CVCV;CVC;1
trésor;3;6;45.34;NC;frequents;long;CCVCVC;CCVCVC;0
usé;3;3;3.8;ADJ;rares;court;VCV;VCV;1
usine;3;5;6.82;NC;rares;court;VCVCV;VCVC;1
valise;3;6;123.39;NC;frequents;long;CVCVCV;CVCVC;1
vase;3;4;81.74;NC;frequents;court;CVCV;CVC;1
visage;3;6;96.05;NC;frequents;long;CVCVCV;CVCVC;1
aller;3;5;448.51;VER;frequents;court;VCCVC;VCV;0
amuser;3;6;63.93;VER;frequents;long;VCVCVC;VCVCV;0
jeter;3;5;67.58;VER;frequents;court;CVCVC;CVCV;0
jouer;3;5;413.31;VER;frequents;court;CVVVC;CYV;0
laver;3;5;139.81;VER;frequents;court;CVCVC;CVCV;0
lever;3;5;15.96;VER;rares;court;CVCVC;CVCV;0
nager;3;5;44.53;VER;frequents;court;CVCVC;CVCV;0
parler;3;6;64.18;VER;frequents;long;CVCCVC;CVCCV;0
passer;3;6;186.48;VER;frequents;long;CVCCVC;CVCV;0
porter;3;6;54.5;VER;frequents;long;CVCCVC;CVCCVC;0
rentrer;3;7;111.15;VER;frequents;long;CVCCCVC;CVCCV;0
tirer;3;5;10.63;VER;rares;court;CVCVC;CVCV;0
trouver;3;7;148.82;VER;frequents;long;CCVVCVC;CCVCV;0
verser;3;6;10.18;VER;rares;long;CVCCVC;CVCCV;0
avoir;1;5;342.64;VER;frequents;court;VCVVC;VCYVC;0
boire;2;5;111.93;VER;frequents;court;CVVCV;CYVC;0
foi;1;3;10.62;NC;rares;court;CVV;CYV;0
loi;1;3;0.5;NC;rares;court;CVV;CYV;0
miroir;1;6;83.31;NC;frequents;long;CVCVVC;CVCYVC;0
moi;1;3;1703.18;PRO;frequents;court;CVV;CYV;0
noir;1;4;263.8;ADJ;frequents;court;CVVC;CYVC;0
noix;1;4;84.17;NC;frequents;court;CVVC;CYV;0
oie;1;3;57.44;NC;frequents;court;VVV;YV;0
poil;1;4;8.45;NC;rares;court;CVVC;CYVC;0
poivre;1;6;22.15;NC;rares;long;CVVCCV;CYVCC;0
quoi;2;4;316.33;PRO;frequents;court;CVVV;CYV;0
roi;1;3;359.81;NC;frequents;court;CVV;CYV;0
savoir;1;6;88.92;VER;frequents;long;CVCVVC;CVCYVC;0
soi;1;3;19.18;PRO;rares;court;CVV;CYV;0
soif;1;4;85.63;NC;frequents;court;CVVC;CYVC;0
soir;1;4;518.16;NC;frequents;court;CVVC;CYVC;0
toi;1;3;888.67;PRO;frequents;court;CVV;CYV;0
toit;1;4;173.61;NC;frequents;court;CVVC;CYV;0
voici;2;5;436.6;PRE;frequents;court;CVVCV;CYVCV;0
voir;1;4;572.73;VER;frequents;court;CVVC;CYVC;0
après;2;5;440.66;PRE;frequents;court;VCCVC;VCCV;0
colère;2;6;176.68;NC;frequents;long;CVCVCV;CVCVC;1
crème;2;5;111.08;NC;frequents;court;CCVCV;CCVC;0
dès;2;3;126.79;PRE;frequents;court;CVC;CV;0
frère;2;5;334.87;NC;frequents;court;CCVCV;CCVC;0
lève;2;4;247.22;VER;frequents;court;CVCV;CVC;1
mère;2;4;383.36;NC;frequents;court;CVCV;CVC;1
pèle;2;4;8.35;VER;rares;court;CVCV;CVC;1
père;2;4;492.62;NC;frequents;court;CVCV;CVC;1
règle;2;5;70.35;NC;frequents;court;CVCCV;CVCC;0
sèche;2;5;8.16;ADJ;rares;court;CVCCV;CVC;0
sirène;2;6;34.39;NC;rares;long;CVCVCV;CVCVC;1
très;2;4;2024.57;ADV;frequents;court;CCVC;CCV;0
zèbre;2;5;120.26;NC;frequents;court;CVCCV;CVCC;0
béret;3;5;0.3;NC;rares;court;CVCVC;CVCV;0
chalet;3;6;38.82;NC;rares;long;CCVCVC;CVCV;0
et;3;2;16574.33;CON;frequents;court;VC;V;0
filet;3;5;65.11;NC;frequents;court;CVCVC;CVCV;0
furet;3;5;0.5;NC;rares;court;CVCVC;CVCV;0
navet;3;5;0.61;_NC;rares;court;CVCVC;CVCV;0
tabouret;3;8;35.69;NC;rares;long;CVCVVCVC;CVCVCV;0
gilet;3;5;22.01;NC;rares;court;CVCVC;CVCV;0
poulet;3;6;127.78;NC;frequents;long;CVVCVC;CVCV;0
robinet;3;7;64.69;NC;frequents;long;CVCVCVC;CVCVCV;0
secret;3;6;59.25;NC;frequents;long;CVCCVC;CVCCV;0
sifflet;3;7;32.69;NC;rares;long;CVCCCVC;CVCCV;0
sujet;3;5;0.52;NC;rares;court;CVCVC;CVCV;0
violet;3;6;19.11;NC;rares;long;CVVCVC;CYVCV;0
au;3;2;4773.8;DET;frequents;court;VV;V;0
aussi;3;5;1355.04;ADV;frequents;court;VVCCV;VCV;0
auto;3;4;108.98;NC;frequents;court;VVCV;VCV;0
autre;3;5;395.06;ADJ;frequents;court;VVCCV;VCC;0
bateau;3;6;190.37;NC;frequents;long;CVCVVV;CVCV;0
bureau;3;6;49.65;NC;frequents;long;CVCVVV;CVCV;0
chameau;3;7;41.33;NC;frequents;long;CCVCVVV;CVCV;0
chaude;3;6;65.21;ADJ;frequents;long;CCVVCV;CVC;0
corbeau;3;7;179.13;NC;frequents;long;CVCCVVV;CVCCV;0
couteau;3;7;80.54;NC;frequents;long;CVVCVVV;CVCV;0
eau;3;3;1148.41;NC;frequents;court;VVV;V;0
épaule;3;6;48.51;NC;frequents;long;VCVVCV;VCVC;0
faucon;3;6;5.52;NC;rares;long;CVVCVC;CVCV;0
fauve;3;5;8.22;NC;rares;court;CVVCV;CVC;0
jaune;3;5;275.57;ADJ;frequents;court;CVVCV;CVC;0
marteau;3;7;53.99;NC;frequents;long;CVCCVVV;CVCCV;0
niveau;3;6;0.61;NC;rares;long;CVCVVV;CVCV;0
pause;3;5;7.44;NC;rares;court;CVVCV;CVC;0
sauce;3;5;28.79;NC;rares;court;CVVCV;CVC;0
sauf;3;4;32.72;PRE;rares;court;CVVC;CVC;0
courant;3;7;61.07;VER;frequents;long;CVVCVCC;CVCV;0
criant;3;6;18.46;VER;rares;long;CCVVCC;CCVYV;0
jouant;3;6;15.59;VER;rares;long;CVVVCC;CYV;0
lisant;3;6;3.69;VER;rares;long;CVCVCC;CVCV;0
riant;3;5;36;VER;rares;court;CVVCC;CYV;0
vivant;3;6;0.5;ADJ;rares;long;CVCVCC;CVCV;0
volant;3;6;10.77;NC;rares;long;CVCVCC;CVCV;0
dehors;3;6;126.56;ADV;frequents;long;CVCVCC;CVVC;0
habite;3;6;153.92;VER;frequents;long;CVCVCV;VCVC;1
haricot;3;7;23.11;NC;rares;long;CVCVCVC;VCVCV;0
haut;3;4;164.38;NC;frequents;court;CVVC;V;0
herbe;3;5;153.72;NC;frequents;court;CVCCV;VCC;0
hier;3;4;63.77;ADV;frequents;court;CVVC;YVC;0
histoire;3;8;852.75;NC;frequents;long;CVCCVVCV;VCCYVC;0
hiver;3;5;355.47;NC;frequents;court;CVCVC;VCVC;0
horloge;3;7;58.08;NC;frequents;long;CVCCVCV;VCCVC;0
émotion;3;7;0.3;NC;rares;long;VCVCVVC;VCVCYV;0
natation;3;8;22.16;NC;rares;long;CVCVCVVC;CVCVCYV;0
patient;3;7;0.5;ADJ;rares;long;CVCVVCC;CVCYV;0
potion;3;6;0.15;NC;rares;long;CVCVVC;CVCYV;0
solution;3;8;27.08;NC;rares;long;CVCVCVVC;CVCVCYV;0
station;3;7;26.37;NC;rares;long;CCVCVVC;CCVCYV;0
axe;3;3;0.3;NC;rares;court;VCV;VCC;1
boxe;3;4;51.14;NC;frequents;court;CVCV;CVCC;1
excuser;3;7;0.53;VER;rares;long;VCCVCVC;VCCCVCV;0
fixer;3;5;8.22;VER;rares;court;CVCVC;CVCCV;0
taxi;3;4;126.29;NC;frequents;court;CVCV;CVCCV;1
agneau;3;6;105.81;NC;frequents;long;VCCVVV;VCV;0
campagne;3;8;155.93;NC;frequents;long;CVCCVCCV;CVCVC;0
gagnant;3;7;14.49;NC;rares;long;CVCCVCC;CVCV;0
gagné;3;5;104.98;VER;frequents;court;CVCCV;CVCV;0
grignote;3;8;59;VER;frequents;long;CCVCCVCV;CCVCVC;0
grogne;3;6;35.51;VER;rares;long;CCVCCV;CCVC;0
guignol;3;7;75.35;NC;frequents;long;CVVCCVC;CVCVC;0
ligne;3;5;184.72;NC;frequents;court;CVCCV;CVC;0
mignon;3;6;52;ADJ;frequents;long;CVCCVC;CVCV;0
poignet;3;7;1.21;NC;rares;long;CVVCCVC;CYVCV;0
signal;3;6;73.21;NC;frequents;long;CVCCVC;CVCVC;0
signe;3;5;56.03;NC;frequents;court;CVCCV;CVC;0
soigne;3;6;56.93;VER;frequents;long;CVVCCV;CYVC;0
vigne;3;5;19.07;NC;rares;court;CVCCV;CVC;0
aide;2;4;53.12;NC;frequents;court;VVCV;VC;0
aigle;2;5;3.64;NC;rares;court;VVCCV;VCC;0
aile;2;4;63.96;NC;frequents;court;VVCV;VC;0
aimer;3;5;5.52;VER;rares;court;VVCVC;VCV;0
air;2;3;437.83;NC;frequents;court;VVC;VC;0
balai;2;5;108.18;NC;frequents;court;CVCVV;CVCV;0
caisse;2;6;126.75;NC;frequents;long;CVVCCV;CVC;0
chaise;3;6;142.49;NC;frequents;long;CCVVCV;CVC;0
craie;2;5;13.56;NC;rares;court;CCVVV;CCV;0
éclair;2;6;30.9;NC;rares;long;VCCVVC;VCCVC;0
faible;2;6;1.22;NC;rares;long;CVVCCV;CVCC;0
faire;2;5;2007.37;VER;frequents;court;CVVCV;CVC;0
fait;2;4;2495.73;VER;frequents;court;CVVC;CV;0
fraise;3;6;113.24;NC;frequents;long;CCVVCV;CCVC;0
laine;2;5;160.91;NC;frequents;court;CVVCV;CVC;0
lait;2;4;374.37;NC;frequents;court;CVVC;CV;0
laitue;2;6;16.61;NC;rares;long;CVVCVV;CVCV;0
mai;2;3;5.24;NC;rares;court;CVV;CV;0
maison;3;6;1460.96;NC;frequents;long;CVVCVC;CVCV;0
paire;2;5;70.07;NC;frequents;court;CVVCV;CVC;0
plaisir;3;7;38.96;NC;rares;long;CCVVCVC;CCVCVC;0
quai;2;4;22.11;NC;rares;court;CVVV;CV;0
raisins;3;7;3.98;NC;rares;long;CVVCVCC;CVCV;0
allez;3;5;106.07;VER;frequents;court;VCCVC;VCV;0
nez;3;3;566.92;NC;frequents;court;CVC;CV;0
bavard;3;6;3.83;ADJ;rares;long;CVCVCC;CVCVC;0
blanc;3;5;297.43;ADJ;frequents;court;CCVCC;CCV;0
blond;3;5;25.92;ADJ;rares;court;CCVCC;CCV;0
bord;3;4;356.78;NC;frequents;court;CVCC;CVC;0
chaud;3;5;133.58;ADJ;frequents;court;CCVVC;CV;0
coup;3;4;491.02;NC;frequents;court;CVVC;CV;0
crapaud;3;7;18.4;NC;rares;long;CCVCVVC;CCVCV;0
fond;3;4;112.48;NC;frequents;court;CVCC;CV;0
froid;3;5;172.72;ADJ;frequents;court;CCVVC;CCYV;0
fusil;3;5;44.6;NC;frequents;court;CVCVC;CVCV;0
galop;3;5;13.46;NC;rares;court;CVCVC;CVCV;0
grand;3;5;642.3;ADJ;frequents;court;CCVCC;CCV;0
lézard;3;6;51.66;NC;frequents;long;CVCVCC;CVCVC;0
long;3;4;59.31;NC;frequents;court;CVCC;CV;0
loup;3;4;516.75;NC;frequents;court;CVVC;CV;0
lourd;3;5;8.27;ADJ;rares;court;CVVCC;CVC;0
nid;3;3;222.91;NC;frequents;court;CVC;CV;0
nord;3;4;39.13;NC;rares;court;CVCC;CVC;0
porc;3;4;3.9;NC;rares;court;CVCC;CVC;0
quand;3;5;1087.42;CON;frequents;court;CVVCC;CV;0
rang;3;4;8.46;NC;rares;court;CVCC;CV;0
renard;3;6;405.76;NC;frequents;long;CVCVCC;CVCVC;0
sirop;3;5;70.37;NC;frequents;court;CVCVC;CVCV;0
tard;3;4;228.79;ADV;frequents;court;CVCC;CVC;0
tronc;3;5;21.72;NC;rares;court;CCVCC;CCV;0
trop;3;4;728.61;ADV;frequents;court;CCVC;CCV;0
vend;3;4;62.03;VER;frequents;court;CVCC;CV;0
bille;3;5;55.67;NC;frequents;court;CVCCV;CVY;0
brillant;3;8;16.37;ADJ;rares;long;CCVCCVCC;CCVYV;0
brille;3;6;82.63;VER;frequents;long;CCVCCV;CCVY;0
briller;3;7;19.24;VER;rares;long;CCVCCVC;CCVYV;0
chenille;3;8;10.71;NC;rares;long;CCVCVCCV;CVCVY;0
cheville;3;8;10.75;NC;rares;long;CCVCVCCV;CVCVY;0
coquille;3;8;54.03;NC;frequents;long;CVCVVCCV;CVCVY;0
famille;3;7;236.58;NC;frequents;long;CVCVCCV;CVCVY;0
fille;3;5;400.03;NC;frequents;court;CVCCV;CVY;0
gorille;3;7;13.23;NC;rares;long;CVCVCCV;CVCVY;0
grille;3;6;68.32;NC;frequents;long;CCVCCV;CCVY;0
quille;3;6;32.99;NC;rares;long;CVVCCV;CVY;0
billet;3;6;46.41;NC;frequents;long;CVCCVC;CVYV;0
bleu;4;4;230.29;ADJ;frequents;court;CCVV;CCV;0
deux;4;4;1241.7;ADJ;frequents;court;CVVC;CV;0
eux;4;3;211.09;PRO;frequents;court;VVC;V;0
feu;4;3;477.66;NC;frequents;court;CVV;CV;0
feutre;4;6;1.21;NC;rares;long;CVVCCV;CVCC;0
fleuve;4;6;32.93;NC;rares;long;CCVVCV;CCVC;0
jeu;4;3;288.65;NC;frequents;court;CVV;CV;0
jeudi;4;5;119.2;NC;frequents;court;CVVCV;CVCV;0
jeune;4;5;123.81;ADJ;frequents;court;CVVCV;CVC;0
neuve;4;5;5.05;ADJ;rares;court;CVVCV;CVC;0
neveu;4;5;0.43;NC;rares;court;CVCVV;CVCV;0
peu;4;3;828.41;ADV;frequents;court;CVV;CV;0
chaton;4;6;37.71;NC;rares;long;CCVCVC;CVCV;0
envoyer;4;7;32.77;VER;rares;long;VCCVVVC;VCYVYV;0
loyer;4;5;6.84;NC;rares;court;CVVVC;CYVYV;0
noyau;4;5;75.67;NC;frequents;court;CVVVV;CYVYV;0
noyer;4;5;19.3;VER;rares;court;CVVVC;CYVYV;0
royaume;4;7;34.13;NC;rares;long;CVVVVCV;CYVYVC;0
voyage;4;6;193.95;NC;frequents;long;CVVVCV;CYVYVC;0
voyager;4;7;10.44;VER;rares;long;CVVVCVC;CYVYVCV;0
voyant;4;6;63.36;VER;frequents;long;CVVVCC;CYVYV;0
voyelle;4;7;13.41;NC;rares;long;CVVVCCV;CYVYVC;0
ail;4;3;8.26;NC;rares;court;VVC;VY;0
bétail;4;6;0.62;NC;rares;long;CVCVVC;CVCVY;0
détail;4;6;22.31;NC;rares;long;CVCVVC;CVCVY;0
émail;4;5;0.3;NC;rares;court;VCVVC;VCVY;0
fenouil;4;7;18.27;NC;rares;long;CVCVVVC;CVCVY;0
orteil;4;6;18.41;NC;rares;long;VCCVVC;VCCVY;0
pareil;4;6;10.75;ADJ;rares;long;CVCVVC;CVCVY;0
portail;4;7;33.75;NC;rares;long;CVCCVVC;CVCCVY;0
réveil;4;6;103;NC;frequents;long;CVCVVC;CVCVY;0
soleil;4;6;594;NC;frequents;long;CVCVVC;CVCVY;0
travail;4;7;214.01;NC;frequents;long;CCVCVVC;CCVCVY;0
abeille;4;7;58.58;NC;frequents;long;VCVVCCV;VCVY;0
bataille;4;8;12.33;NC;rares;long;CVCVVCCV;CVCVY;0
bouillir;4;8;0.62;VER;rares;long;CVVVCCVC;CVYVC;0
bouillon;4;8;13.48;NC;rares;long;CVVVCCVC;CVYV;0
caillou;4;7;35.13;NC;rares;long;CVVCCVV;CVYV;0
cailloux;4;8;28.69;NC;rares;long;CVVCCVVC;CVYV;0
écaille;4;7;3.89;NC;rares;long;VCVVCCV;VCVY;0
maillot;4;7;80.87;NC;frequents;long;CVVCCVC;CVYV;0
médaille;4;8;16.2;NC;rares;long;CVCVVCCV;CVCVY;0
mouiller;4;8;22.95;VER;rares;long;CVVVCCVC;CVYV;0
muraille;4;8;5.43;NC;rares;long;CVCVVCCV;CVCVY;0
paille;4;6;82.51;NC;frequents;long;CVVCCV;CVY;0
taille;4;6;50.31;NC;frequents;long;CVVCCV;CVY;0
volaille;4;8;0.43;NC;rares;long;CVCVVCCV;CVCVY;0
alphabet;4;8;12.53;NC;rares;long;VCCCVCVC;VCCVCV;0
dauphin;4;7;37.8;NC;rares;long;CVVCCVC;CVCV;0
éléphant;4;8;262.85;NC;frequents;long;VCVCCVCC;VCVCV;0
phare;4;5;73.02;NC;frequents;court;CCVCV;CVC;0
phoque;4;6;88.47;NC;frequents;long;CCVCVV;CVC;0
photo;4;5;212.61;NC;frequents;court;CCVCV;CVCV;0
phrase;4;6;123.21;NC;frequents;long;CCCVCV;CCVC;0
baleine;4;7;72.93;NC;frequents;long;CVCVVCV;CVCVC;0
freine;4;6;5.57;VER;rares;long;CCVVCV;CCVC;0
neige;4;5;550.3;NC;frequents;court;CVVCV;CVC;0
neiger;4;6;8.36;VER;rares;long;CVVCVC;CVCV;0
reine;4;5;160.61;NC;frequents;court;CVVCV;CVC;0
seize;4;5;22.32;ADJ;rares;court;CVVCV;CVC;0
treize;4;6;8.26;ADJ;rares;long;CCVVCV;CCVC;0
yeux;4;4;473.66;NC;frequents;court;VVVC;YV;0
youpi;4;5;1.13;INT;rares;court;VVVCV;YVCV;0
yoyo;4;4;0.62;NC;rares;court;VVVV;YVYV;0
y;1;1;2297.87;PRO;frequents;court;V;V;1
lu;1;2;134.97;VER;frequents;court;CV;CV;0
mémé;1;4;0.38;NC;rares;court;CVCV;CVCV;1
salué;1;5;0.62;VER;rares;court;CVCVV;CVCYV;0
vis;1;3;3.89;VER;rares;court;CVC;CV;0
vomi;1;4;0.61;VER;rares;court;CVCV;CVCV;1
ré;1;2;10.67;NC;rares;court;CV;CV;0
mûrir;1;5;3.9;VER;rares;court;CVCVC;CVCVC;0
mars;1;4;28.6;NC;rares;court;CVCC;CVCC;0
soulevé;1;7;0.61;VER;rares;long;CVVCVCV;CVCVCV;0
souri;1;5;0.61;VER;rares;court;CVVCV;CVCV;0
réussir;1;7;3.82;VER;rares;long;CVVCCVC;CVVCVC;0
voulu;1;5;63.43;VER;frequents;court;CVVCV;CVCV;0
réussi;1;6;16.18;VER;rares;long;CVVCCV;CVVCV;0
velours;1;7;5.55;NC;rares;long;CVCVVCC;CVCVC;0
vivre;1;5;35.61;VER;rares;court;CVCCV;CVCC;0
ouvre;1;5;359.53;VER;frequents;court;VVCCV;VCC;0
sourire;1;7;65.17;NC;frequents;long;CVVCVCV;CVCVC;0
rousse;1;6;41.39;ADJ;frequents;long;CVVCCV;CVC;0
lilas;1;5;89.93;NC;frequents;court;CVCVC;CVCV;0
louve;1;5;0.61;NC;rares;court;CVVCV;CVC;0
livre;1;5;609.2;NC;frequents;court;CVCCV;CVCC;0
mûre;1;4;8.36;ADJ;rares;court;CVCV;CVC;1
loue;1;4;1.21;VER;rares;court;CVVV;CV;0
arrivée;1;7;107.47;NC;frequents;long;VCCVCVV;VCVCV;0
roule;1;5;85.97;VER;frequents;court;CVVCV;CVC;0
valse;1;5;0.38;NC;rares;court;CVCCV;CVCC;0
alors;1;5;1038.09;ADV;frequents;court;VCVCC;VCVC;0
savonne;1;7;0.5;VER;rares;long;CVCVCCV;CVCVC;0
sonnerie;1;8;8.25;NC;rares;long;CVCCVCVV;CVCVCV;0
âne;1;3;187.87;NC;frequents;court;VCV;VC;1
alarme;1;6;13.49;NC;rares;long;VCVCCV;VCVCC;0
lui;1;3;2932.5;PRO;frequents;court;CVV;CYV;0
suis;1;4;862.24;VER;frequents;court;CVVC;CYV;0
nuit;1;4;766.74;NC;frequents;court;CVVC;CYV;0
minuit;1;6;28.95;NC;rares;long;CVCVVC;CVCYV;0
suite;1;5;217.89;NC;frequents;court;CVVCV;CYVC;0
suivi;1;5;5.28;VER;rares;court;CVVCV;CYVCV;0
vit;1;3;212.31;VER;frequents;court;CVC;CV;0
sort;1;4;325.45;VER;frequents;court;CVCC;CVC;0
avale;1;5;34.75;VER;rares;court;VCVCV;VCVC;1
où;1;2;1162.05;PRO;frequents;court;VV;V;0
fou;1;3;108.19;ADJ;frequents;court;CVV;CV;0
ouf;1;3;68.91;INT;frequents;court;VVC;VC;0
fil;1;3;259.56;NC;frequents;court;CVC;CVC;0
fourmi;1;6;64.62;NC;frequents;long;CVVCCV;CVCCV;0
film;1;4;72.62;NC;frequents;court;CVCC;CVCC;0
mât;1;3;12.09;NC;rares;court;CVC;CV;0
fuit;1;4;16.39;VER;rares;court;CVVC;CYV;0
fuir;1;4;3.89;VER;rares;court;CVVC;CYVC;0
fruit;1;5;67.88;NC;frequents;court;CCVVC;CCYV;0
soufflé;1;7;3.9;VER;rares;long;CVVCCCV;CVCCV;0
ramasse;1;7;61.53;VER;frequents;long;CVCVCCV;CVCVC;0
souffre;1;7;7.43;VER;rares;long;CVVCCCV;CVCC;0
offre;1;5;40;VER;rares;court;VCCCV;VCC;0
Chine;1;5;10.2;NP;rares;court;CCVCV;CVC;0
marche;1;6;255.92;VER;frequents;long;CVCCCV;CVCC;0
offrir;1;6;19.53;VER;rares;long;VCCCVC;VCCVC;0
achat;1;5;3.96;NC;rares;court;VCCVC;VCV;0
râle;1;4;0.62;VER;rares;court;CVCV;CVC;1
mâche;1;5;0.52;VER;rares;court;CVCCV;CVC;0
je;1;2;6741.35;PRO;frequents;court;CV;CV;0
ramené;1;6;12.06;VER;rares;long;CVCVCV;CVCVCV;1
foule;1;5;43.59;NC;frequents;court;CVVCV;CVC;0
samedi;1;6;141.14;NC;frequents;long;CVCVCV;CVCVCV;1
limonade;1;8;48.17;NC;frequents;long;CVCVCVCV;CVCVCVC;0
dessous;1;7;0.52;NC;rares;long;CVCCVVC;CVCV;0
déjà;1;4;394.77;ADV;frequents;court;CVCV;CVCV;1
admire;1;6;30.9;VER;rares;long;VCCVCV;VCCVC;0
lionne;1;6;0.61;NC;rares;long;CVVCCV;CYVC;0
allume;1;6;76.03;VER;frequents;long;VCCVCV;VCVC;0
ananas;1;6;63.38;NC;frequents;long;VCVCVC;VCVCV;0
sommes;1;6;58.35;VER;frequents;long;CVCCVC;CVC;0
tôt;1;3;67.91;ADV;frequents;court;CVC;CV;0
tout;1;4;1587.52;ADV;frequents;court;CVVC;CV;0
tous;1;4;920.86;ADJ;frequents;court;CVVC;CVC;0
toute;1;5;582.36;ADJ;frequents;court;CVVCV;CVC;0
chuchote;1;8;57.32;VER;frequents;long;CCVCCVCV;CVCVC;0
marmotte;1;8;19.29;NC;rares;long;CVCCVCCV;CVCCVC;0
touche;1;6;48.43;VER;frequents;long;CVVCCV;CVC;0
fuite;1;5;8.19;NC;rares;court;CVVCV;CYVC;0
frite;1;5;0.3;ADJ;rares;court;CCVCV;CCVC;0
flûte;1;5;78.53;NC;frequents;court;CCVCV;CCVC;0
dorée;1;5;8.39;ADJ;rares;court;CVCVV;CVCV;0
foire;1;5;47.26;NC;frequents;court;CVVCV;CYVC;0
soirée;1;6;16.18;NC;rares;long;CVVCVV;CYVCV;0
revoir;1;6;26.02;NC;rares;long;CVCVVC;CVCYVC;0
voilà;1;5;610.82;PRE;frequents;court;CVVCV;CYVCV;0
voiture;1;7;757.22;NC;frequents;long;CVVCVCV;CYVCVC;0
voie;1;4;3.72;NC;rares;court;CVVV;CYV;0
assoit;1;6;84.04;VER;frequents;long;VCCVVC;VCYV;0
pot;1;3;374.59;NC;frequents;court;CVC;CV;0
appétit;1;7;56.99;NC;frequents;long;VCCVCVC;VCVCV;0
patate;1;6;1.87;NC;rares;long;CVCVCV;CVCVC;1
pyramide;1;8;9.54;NC;rares;long;CVCVCVCV;CVCVCVC;0
petite;1;6;1144.99;ADJ;frequents;long;CVCVCV;CVCVC;1
patte;1;5;331.43;NC;frequents;court;CVCCV;CVC;0
ordre;1;5;67.5;NC;frequents;court;VCCCV;VCCC;0
litre;1;5;44.62;NC;frequents;court;CVCCV;CVCC;0
titre;1;5;44.02;NC;frequents;court;CVCCV;CVCC;0
vitre;1;5;10.58;NC;rares;court;CVCCV;CVCC;0
prime;1;5;0.38;NC;rares;court;CCVCV;CCVC;0
truite;1;6;23.9;NC;rares;long;CCVVCV;CCYVC;0
trouve;1;6;576.24;VER;frequents;long;CCVVCV;CCVC;0
plâtre;1;6;25.02;NC;rares;long;CCVCCV;CCVCC;0
attrapé;1;7;34;VER;rares;long;VCCCVCV;VCCVCV;0
prépare;1;7;185.61;VER;frequents;long;CCVCVCV;CCVCVC;0
repas;1;5;237.51;NC;frequents;court;CVCVC;CVCV;0
soupe;1;5;131.73;NC;frequents;court;CVVCV;CVC;0
molle;1;5;10.69;ADJ;rares;court;CVCCV;CVC;0
pomme;1;5;465.49;NC;frequents;court;CVCCV;CVC;0
réparé;1;6;19.23;VER;rares;long;CVCVCV;CVCVCV;1
vipère;2;6;36.21;NC;rares;long;CVCVCV;CVCVC;1
près;2;4;421.7;PRE;frequents;court;CCVC;CCV;0
forêt;2;5;514.83;NC;frequents;court;CVCVC;CVCV;0
fête;2;4;460.26;NC;frequents;court;CVCV;CVC;1
être;2;4;464.98;VER;frequents;court;VCCV;VCC;0
arête;2;5;67.06;NC;frequents;court;VCVCV;VCVC;1
chêne;2;5;62.95;NC;frequents;court;CCVCV;CVC;0
même;2;4;518.65;ADV;frequents;court;CVCV;CVC;1
pêche;2;5;163.2;NC;frequents;court;CVCCV;CVC;0
prête;2;5;28.91;VER;rares;court;CCVCV;CCVC;0
rêve;2;4;134.9;NC;frequents;court;CVCV;CVC;1
tête;2;4;907.81;NC;frequents;court;CVCV;CVC;1
préfère;2;7;66.8;VER;frequents;long;CCVCVCV;CCVCVC;0
plus;2;4;2771.16;ADV;frequents;court;CCVC;CCV;0
fenêtre;2;7;357.81;NC;frequents;long;CVCVCCV;CVCVCC;0
caché;2;5;58.71;VER;frequents;court;CVCCV;CVCV;0
calme;2;5;16.22;ADJ;rares;court;CVCCV;CVCC;0
écoute;2;6;269.57;VER;frequents;long;VCVVCV;VCVC;0
cuisse;2;6;3.8;NC;rares;long;CVVCCV;CYVC;0
calcul;2;6;34.22;NC;rares;long;CVCCVC;CVCCVC;0
picore;2;6;1.19;VER;rares;long;CVCVCV;CVCVC;1
fracas;2;6;3.97;NC;rares;long;CCVCVC;CCVCV;0
cocorico;2;8;8.22;NC;rares;long;CVCVCVCV;CVCVCVCV;0
crêpe;2;5;16.27;NC;rares;court;CCVCV;CCVC;0
canari;2;6;10.72;NC;rares;long;CVCVCV;CVCVCV;1
carie;2;5;0.61;NC;rares;court;CVCVV;CVCV;0
carpe;2;5;2.13;NC;rares;court;CVCCV;CVCC;0
cuire;2;5;88.25;VER;frequents;court;CVVCV;CYVC;0
cascade;2;7;10.52;NC;rares;long;CVCCVCV;CVCCVC;0
coule;2;5;49.41;VER;frequents;court;CVVCV;CVC;0
étude;2;5;0.43;NC;rares;court;VCVCV;VCVC;1
parle;2;5;163.78;VER;frequents;court;CVCCV;CVCC;0
postale;2;7;40.83;ADJ;frequents;long;CVCCVCV;CVCCVC;0
bus;2;3;0.61;NC;rares;court;CVC;CV;0
bricole;2;7;0.38;VER;rares;long;CCVCVCV;CCVCVC;0
abricot;2;7;28.58;NC;rares;long;VCCVCVC;VCCVCV;0
bête;2;4;137.91;NC;frequents;court;CVCV;CVC;1
bras;2;4;242.57;NC;frequents;court;CCVC;CCV;0
passe;2;5;432.39;VER;frequents;court;CVCCV;CVC;0
bricolé;2;7;0.62;VER;rares;long;CCVCVCV;CCVCVCV;0
oubli;2;5;3.87;NC;rares;court;VVCCV;VCCV;0
brune;2;5;0.15;NC;rares;court;CCVCV;CCVC;0
échappé;2;7;0.62;VER;rares;long;VCCVCCV;VCVCV;0
marée;2;5;0.52;NC;rares;court;CVCVV;CVCV;0
côté;2;4;471.2;NC;frequents;court;CVCV;CVCV;1
bal;2;3;47.28;NC;frequents;court;CVC;CVC;0
début;2;5;74.95;NC;frequents;court;CVCVC;CVCV;0
recoudre;2;8;0.52;VER;rares;long;CVCVVCCV;CVCVCC;0
coudre;2;6;32.7;VER;rares;long;CVVCCV;CVCC;0
regard;2;6;10.54;NC;rares;long;CVCVCC;CVCVC;0
grippe;2;6;19.16;NC;rares;long;CCVCCV;CCVC;0
rugby;2;5;1.83;NC;rares;court;CVCCV;CVCCV;0
déguste;2;7;0.89;VER;rares;long;CVCVCCV;CVCVCC;0
galerie;2;7;1.05;NC;rares;long;CVCVCVV;CVCVCV;0
gâté;2;4;0.62;VER;rares;court;CVCV;CVCV;1
course;2;6;281.15;NC;frequents;long;CVVCCV;CVCC;0
allure;2;6;48.3;NC;frequents;long;VCCVCV;VCVC;0
pirogue;2;7;2.49;NC;rares;long;CVCVCVV;CVCVC;0
fatigué;2;7;35.4;ADJ;rares;long;CVCVCVV;CVCVCV;0
figue;2;5;3.84;NC;rares;court;CVCVV;CVC;0
troupe;2;6;19.03;NC;rares;long;CCVVCV;CCVC;0
depuis;2;6;149.39;PRE;frequents;long;CVCVVC;CVCYV;0
guépard;2;7;0.53;NC;rares;long;CVVCVCC;CVCVC;0
font;2;4;261.89;VER;frequents;court;CVCC;CV;0
fondue;2;6;0.76;NC;rares;long;CVCCVV;CVCV;0
polisson;2;8;8.04;NC;rares;long;CVCVCCVC;CVCVCV;0
talon;2;5;8.2;NC;rares;court;CVCVC;CVCV;0
rond;2;4;66.04;ADJ;frequents;court;CVCC;CV;0
capuchon;2;8;0.38;NC;rares;long;CVCVCCVC;CVCVCV;0
ronronne;2;8;13.88;VER;rares;long;CVCCVCCV;CVCVC;0
boîte;2;5;234.97;NC;frequents;court;CVVCV;CYVC;0
canapé;2;6;19.06;NC;rares;long;CVCVCV;CVCVCV;1
tricote;2;7;36.07;VER;rares;long;CCVCVCV;CCVCVC;0
pelote;2;6;41.07;NC;frequents;long;CVCVCV;CVCVC;1
gronde;2;6;5.19;VER;rares;long;CCVCCV;CCVC;0
coquine;2;7;0.76;NC;rares;long;CVCVVCV;CVCVC;0
barque;2;6;42.17;NC;frequents;long;CVCCVV;CVCC;0
boutique;2;8;38.27;NC;rares;long;CVVCVCVV;CVCVC;0
attaque;2;7;17.88;VER;rares;long;VCCVCVV;VCVC;0
pique;2;5;62.12;VER;frequents;court;CVCVV;CVC;0
lorsque;2;7;64.7;CON;frequents;long;CVCCCVV;CVCCCV;0
comme;2;5;1169.95;CON;frequents;court;CVCCV;CVC;0
bouchon;2;7;35.77;NC;rares;long;CVVCCVC;CVCV;0
pommade;2;7;18.94;NC;rares;long;CVCCVCV;CVCVC;0
acrobate;2;8;35.36;NC;rares;long;VCCVCVCV;VCCVCVC;0
drôle;2;5;225.81;ADJ;frequents;court;CCVCV;CCVC;0
jongle;2;6;3.66;VER;rares;long;CVCCCV;CVCC;0
raconte;2;7;129.88;VER;frequents;long;CVCVCCV;CVCVC;0
colline;2;7;16.45;NC;rares;long;CVCCVCV;CVCVC;0
gros;2;4;682.05;ADJ;frequents;court;CCVC;CCV;0
ennui;2;5;0.42;NC;rares;court;VCCVV;VCYV;0
rendre;2;6;36.19;VER;rares;long;CVCCCV;CVCC;0
endormir;2;8;62.2;VER;frequents;long;VCCVCCVC;VCVCCVC;0
enfile;2;6;16.18;VER;rares;long;VCCVCV;VCVC;0
entre;2;5;197.17;PRE;frequents;court;VCCCV;VCC;0
immense;2;7;35.4;ADJ;rares;long;VCCVCCV;VCVC;0
pente;2;5;0.62;NC;rares;court;CVCCV;CVC;0
avril;2;5;70.5;NC;frequents;court;VCCVC;VCCVC;0
brosse;2;6;74.45;NC;frequents;long;CCVCCV;CCVC;0
retour;2;6;167.19;NC;frequents;long;CVCVVC;CVCVC;0
envolé;2;6;10.54;VER;rares;long;VCCVCV;VCVCV;0
vêtement;2;8;15.65;NC;rares;long;CVCVCVCC;CVCVCV;0
an;2;2;41.19;NC;frequents;court;VC;V;0
sans;2;4;661.82;PRE;frequents;court;CVCC;CV;0
dans;2;4;10264.52;PRE;frequents;court;CVCC;CV;0
souriant;2;8;28.87;VER;rares;long;CVVCVVCC;CVCYV;0
gants;2;5;31.2;NC;rares;court;CVCCC;CV;0
tant;2;4;84.23;ADV;frequents;court;CVCC;CV;0
chante;2;6;190.07;VER;frequents;long;CCVCCV;CVC;0
sortir;2;6;210.47;VER;frequents;long;CVCCVC;CVCCVC;0
tendre;2;6;5.47;ADJ;rares;long;CVCCCV;CVCC;0
content;2;7;145.18;ADJ;frequents;long;CVCCVCC;CVC;0
pois;2;4;79.14;NC;frequents;court;CVVC;CYV;0
purée;2;5;73.25;NC;frequents;court;CVCVV;CVCV;0
faute;2;5;50.31;NC;frequents;court;CVVCV;CVC;0
taupe;2;5;25.5;NC;rares;court;CVVCV;CVC;0
aucun;2;5;8.31;ADJ;rares;court;VVCVC;VCV;0
pauvre;2;6;305.73;ADJ;frequents;long;CVVCCV;CVCC;0
pré;2;3;343.22;NC;frequents;court;CCV;CCV;0
mauve;2;5;0.3;ADJ;rares;court;CVVCV;CVC;0
monde;2;5;567.32;NC;frequents;court;CVCCV;CVC;0
commandé;2;8;0.42;VER;rares;long;CVCCVCCV;CVCVCV;0
saumon;2;6;1.27;NC;rares;long;CVVCVC;CVCV;0
demandé;2;7;40;VER;rares;long;CVCVCCV;CVCVCV;0
concours;2;8;41.61;NC;frequents;long;CVCCVVCC;CVCVC;0
kaki;2;4;0.43;NC;rares;court;CVCV;CVCV;1
téléski;2;7;0.37;NC;rares;long;CVCVCCV;CVCVCCV;0
maki;2;4;7.57;NC;rares;court;CVCV;CVCV;1
polka;2;5;0.89;NC;rares;court;CVCCV;CVCCV;0
lièvre;2;6;66.68;NC;frequents;long;CVVCCV;CYVCC;0
capitale;2;8;1.5;NC;rares;long;CVCVCVCV;CVCVCVC;0
mais;2;4;3603.59;CON;frequents;court;CVVC;CV;0
fais;2;4;430.24;VER;frequents;court;CVVC;CV;0
sais;2;4;566.32;VER;frequents;court;CVVC;CV;0
plaire;2;6;5.36;VER;rares;long;CCVVCV;CCVC;0
marraine;2;8;1.07;NC;rares;long;CVCCVVCV;CVCVC;0
traire;2;6;0.42;VER;rares;long;CCVVCV;CCVC;0
fois;2;4;653.13;NC;frequents;court;CVVC;CYV;0
parent;2;6;0.61;VER;rares;long;CVCVCC;CVC;0
mauvais;2;7;13.39;ADJ;rares;long;CVVCVVC;CVCV;0
aime;2;4;554.17;VER;frequents;court;VVCV;VC;0
étable;2;6;19.48;NC;rares;long;VCVCCV;VCVCC;0
grande;2;6;509.89;ADJ;frequents;long;CCVCCV;CCVC;0
frais;2;5;32.12;ADJ;rares;court;CCVVC;CCV;0
bain;2;4;156.76;NC;frequents;court;CVVC;CV;0
brin;2;4;50.1;NC;frequents;court;CCVC;CCV;0
bassin;2;6;21.7;NC;rares;long;CVCCVC;CVCV;0
lutin;2;5;7.26;NC;rares;court;CVCVC;CVCV;0
invite;2;6;6.45;VER;rares;long;VCCVCV;VCVC;0
copain;2;6;63.29;NC;frequents;long;CVCVVC;CVCV;0
train;2;5;356.2;NC;frequents;court;CCVVC;CCV;0
main;2;4;402.92;NC;frequents;court;CVVC;CV;0
pain;2;4;331.26;NC;frequents;court;CVVC;CV;0
nain;2;4;50.56;NC;frequents;court;CVVC;CV;0
soudain;2;7;155.08;ADV;frequents;long;CVVCVVC;CVCV;0
demain;2;6;201.54;ADV;frequents;long;CVCVVC;CVCV;0
plante;2;6;5.36;NC;rares;long;CCVCCV;CCVC;0
coussin;2;7;56.28;NC;frequents;long;CVVCCVC;CVCV;0
installe;2;8;67.58;VER;frequents;long;VCCCVCCV;VCCVC;0
peluche;2;7;80.56;NC;frequents;long;CVCVCCV;CVCVC;0
cheminée;2;8;74.06;NC;frequents;long;CCVCVCVV;CVCVCV;0
menton;2;6;52.35;NC;frequents;long;CVCCVC;CVCV;0
poussin;2;7;75.56;NC;frequents;long;CVVCCVC;CVCV;0
sûrement;2;8;96.2;ADV;frequents;long;CVCVCVCC;CVCVCV;0
zébu;2;4;4.88;NC;rares;court;CVCV;CVCV;1
brave;2;5;0.5;ADJ;rares;court;CCVCV;CCVC;0
obstacle;2;8;0.35;NC;rares;long;VCCCVCCV;VCCCVCC;0
chiffre;2;7;22.33;NC;rares;long;CCVCCCV;CVCC;0
autruche;2;8;21.76;NC;rares;long;VVCCVCCV;VCCVC;0
chiot;2;5;1.13;NC;rares;court;CCVVC;CYV;0
moment;2;6;247.16;NC;frequents;long;CVCVCC;CVCV;0
gazon;2;5;35.42;NC;rares;court;CVCVC;CVCV;0
omelette;2;8;47.86;NC;frequents;long;VCVCVCCV;VCVCVC;0
mouette;2;7;0.31;NC;rares;long;CVVVCCV;CYVC;0
vitesse;2;7;106.8;NC;frequents;long;CVCVCCV;CVCVC;0
presse;2;6;0.42;NC;rares;long;CCVCCV;CCVC;0
benne;2;5;3.9;NC;rares;court;CVCCV;CVC;0
renne;2;5;6.31;NC;rares;court;CVCCV;CVC;0
pivoine;2;7;3.8;NC;rares;long;CVCVVCV;CVCYVC;0
dessert;2;7;56;NC;frequents;long;CVCCVCC;CVCVC;0
mettre;2;6;259.53;VER;frequents;long;CVCCCV;CVCC;0
lequel;2;6;28.04;PRO;rares;long;CVCVVC;CVCVC;0
perdre;2;6;63.96;VER;frequents;long;CVCCCV;CVCCC;0
quelque;2;7;151.64;ADJ;frequents;long;CVVCCVV;CVCC;0
personne;2;8;81.42;NC;frequents;long;CVCCVCCV;CVCCVC;0
trois;2;5;737.99;ADJ;frequents;court;CCVVC;CCYV;0
assiette;2;8;84.42;NC;frequents;long;VCCVVCCV;VCYVC;0
violette;2;8;10.49;NC;rares;long;CVVCVCCV;CYVCVC;0
celui;2;5;123.16;PRO;frequents;court;CVCVV;CVCYV;0
tricycle;2;8;0.5;NC;rares;long;CCVCVCCV;CCVCVCC;0
cible;2;5;3.9;NC;rares;court;CVCCV;CVCC;0
silence;2;7;85.67;NC;frequents;long;CVCVCCV;CVCVC;0
chance;2;6;64.05;NC;frequents;long;CCVCCV;CVC;0
cercle;2;6;3.97;NC;rares;long;CVCCCV;CVCCC;0
façade;2;6;11.87;NC;rares;long;CVCVCV;CVCVC;1
cabane;2;6;83.36;NC;frequents;long;CVCVCV;CVCVC;1
devoir;2;6;10.47;NC;rares;long;CVCVVC;CVCYVC;0
lecture;2;7;43.94;NC;frequents;long;CVCCVCV;CVCCVC;0
averse;2;6;13.48;NC;rares;long;VCVCCV;VCVCC;0
fraîche;2;7;36.72;ADJ;rares;long;CCVVCCV;CCVC;0
branche;2;7;146.63;NC;frequents;long;CCVCCCV;CCVC;0
ensemble;2;8;205.97;ADV;frequents;long;VCCVCCCV;VCVCC;0
soldat;2;6;25.15;NC;rares;long;CVCCVC;CVCCV;0
flambe;2;6;0.37;VER;rares;long;CCVCCV;CCVC;0
ampoule;2;7;5.55;NC;rares;long;VCCVVCV;VCVC;0
fable;2;5;12.1;NC;rares;court;CVCCV;CVCC;0
propre;2;6;100.12;ADJ;frequents;long;CCVCCV;CCVCC;0
jungle;2;6;7.83;NC;rares;long;CVCCCV;CVCC;0
vitrine;2;7;49.77;NC;frequents;long;CVCCVCV;CVCCVC;0
sombre;2;6;46.88;ADJ;frequents;long;CVCCCV;CVCC;0
bombe;2;5;3.86;NC;rares;court;CVCCV;CVC;0
gomme;2;5;73.07;NC;frequents;court;CVCCV;CVC;0
gazelle;2;7;3.46;NC;rares;long;CVCVCCV;CVCVC;0
tribu;2;5;1.83;NC;rares;court;CCVCV;CCVCV;0
faim;2;4;167.93;NC;frequents;court;CVVC;CV;0
grimpe;2;6;101.95;VER;frequents;long;CCVCCV;CCVC;0
gel;3;3;7.65;NC;rares;court;CVC;CVC;0
âge;3;3;12.36;NC;rares;court;VCV;VC;1
agile;3;5;16.15;ADJ;rares;court;VCVCV;VCVC;1
pigeon;3;6;29.55;NC;rares;long;CVCVVC;CVCV;0
magie;3;5;5.62;NC;rares;court;CVCVV;CVCV;0
éponge;3;6;31.61;NC;rares;long;VCVCCV;VCVC;0
génial;3;6;2.49;ADJ;rares;long;CVCVVC;CVCYVC;0
rugir;3;5;3.84;VER;rares;court;CVCVC;CVCVC;0
genou;3;5;70.05;NC;frequents;court;CVCVV;CVCV;0
linge;3;5;28.48;NC;rares;court;CVCCV;CVC;0
géant;3;5;58.35;NC;frequents;court;CVVCC;CVV;0
costume;3;7;87.36;NC;frequents;long;CVCCVCV;CVCCVC;0
méchant;3;7;39.96;ADJ;rares;long;CVCCVCC;CVCV;0
ose;3;3;3.73;VER;rares;court;VCV;VC;1
grise;3;5;30.74;ADJ;rares;court;CCVCV;CCVC;0
cuisine;3;7;232.92;NC;frequents;long;CVVCVCV;CYVCVC;0
musique;3;7;232.04;NC;frequents;long;CVCVCVV;CVCVC;0
jalouse;3;7;0.5;ADJ;rares;long;CVCVVCV;CVCVC;0
fusée;3;5;75.16;NC;frequents;court;CVCVV;CVCV;0
poésie;3;6;39.7;NC;rares;long;CVVCVV;CVVCV;0
poison;3;6;28.79;NC;rares;long;CVVCVC;CYVCV;0
magasin;3;7;137.39;NC;frequents;long;CVCVCVC;CVCVCV;0
visite;3;6;48.58;NC;frequents;long;CVCVCV;CVCVC;1
marcher;3;7;46.74;VER;frequents;long;CVCCCVC;CVCCV;0
écouter;3;7;39.69;VER;rares;long;VCVVCVC;VCVCV;0
acheter;3;7;148.8;VER;frequents;long;VCCVCVC;VCVCV;0
rester;3;6;94.09;VER;frequents;long;CVCCVC;CVCCV;0
cacher;3;6;55.1;VER;frequents;long;CVCCVC;CVCV;0
danser;3;6;19.72;VER;rares;long;CVCCVC;CVCV;0
donner;3;6;245.43;VER;frequents;long;CVCCVC;CVCV;0
goûter;3;6;109.64;NC;frequents;long;CVVCVC;CVCV;0
manger;3;6;525.45;VER;frequents;long;CVCCVC;CVCV;0
penser;3;6;8.39;VER;rares;long;CVCCVC;CVCV;0
tomber;3;6;137.08;VER;frequents;long;CVCCVC;CVCV;0
dimanche;3;8;114.8;NC;frequents;long;CVCVCCCV;CVCVC;0
pantalon;3;8;129.39;NC;frequents;long;CVCCVCVC;CVCVCV;0
nouer;3;5;0.84;VER;rares;court;CVVVC;CYV;0
bien;3;4;2758.98;ADV;frequents;court;CVVC;CYV;0
rien;3;4;643.42;PRO;frequents;court;CVVC;CYV;0
sien;3;4;19.13;PRO;rares;court;CVVC;CYV;0
viens;3;5;176.4;VER;frequents;court;CVVCC;CYV;0
mien;3;4;50.29;PRO;frequents;court;CVVC;CYV;0
tien;3;4;39.59;PRO;rares;court;CVVC;CYV;0
chien;3;5;784.49;NC;frequents;court;CCVVC;CYV;0
magicien;3;8;21.97;NC;rares;long;CVCVCVVC;CVCVCYV;0
violent;3;7;5.71;ADJ;rares;long;CVVCVCC;CYVC;0
mienne;3;6;3.96;PRO;rares;long;CVVCCV;CYVC;0
tienne;3;6;0.5;VER;rares;long;CVVCCV;CYVC;0
sienne;3;6;0.5;PRO;rares;long;CVVCCV;CYVC;0
commande;3;8;3.83;NC;rares;long;CVCCVCCV;CVCVC;0
coucher;3;7;67.9;VER;frequents;long;CVVCCVC;CVCV;0
jouet;3;5;79.37;NC;frequents;court;CVVVC;CYV;0
muet;3;4;5.39;ADJ;rares;court;CVVC;CYV;0
cadet;3;5;0.43;NC;rares;court;CVCVC;CVCV;0
volet;3;5;13.62;NC;rares;court;CVCVC;CVCV;0
muguet;3;6;58.89;NC;frequents;long;CVCVVC;CVCV;0
bouquet;3;7;194.11;NC;frequents;long;CVVCVVC;CVCV;0
orage;3;5;67.36;NC;frequents;court;VCVCV;VCVC;1
derrière;3;8;169.21;PRE;frequents;long;CVCCVVCV;CVCYVC;0
légende;3;7;6.73;NC;rares;long;CVCVCCV;CVCVC;0
jamais;3;6;409.74;ADV;frequents;long;CVCVVC;CVCV;0
inviter;3;7;10.72;VER;rares;long;VCCVCVC;VCVCV;0
écharpe;3;7;35.5;NC;rares;long;VCCVCCV;VCVCC;0
bonnet;3;6;12.67;NC;rares;long;CVCCVC;CVCV;0
tiroir;3;6;42.92;NC;frequents;long;CVCVVC;CVCYVC;0
froide;3;6;9.61;ADJ;rares;long;CCVVCV;CCYVC;0
souvenir;3;8;1.05;NC;rares;long;CVVCVCVC;CVCVCVC;0
enchanté;3;8;3.9;ADJ;rares;long;VCCCVCCV;VCVCV;0
peau;3;4;133.61;NC;frequents;court;CVVV;CV;0
seau;3;4;95.24;NC;frequents;court;CVVV;CV;0
beau;3;4;645.07;ADJ;frequents;court;CVVV;CV;0
cadeau;3;6;189.54;NC;frequents;long;CVCVVV;CVCV;0
oiseau;3;6;446.63;NC;frequents;long;VVCVVV;YVCV;0
deviner;3;7;0.52;VER;rares;long;CVCVCVC;CVCVCV;0
pouvoir;3;7;22.27;VER;rares;long;CVVCVVC;CVCYVC;0
cabri;3;5;0.43;NC;rares;court;CVCCV;CVCCV;0
thé;3;3;59.17;NC;frequents;court;CCV;CV;0
huître;3;6;1.22;NC;rares;long;CVVCCV;YVCC;0
hibou;3;5;85.1;NC;frequents;court;CVCVV;VCV;0
huile;3;5;53.06;NC;frequents;court;CVVCV;YVC;0
étagère;3;7;10.63;NC;rares;long;VCVCVCV;VCVCVC;0
décider;3;7;10.34;VER;rares;long;CVCVCVC;CVCVCV;0
demander;3;8;57.09;VER;frequents;long;CVCVCCVC;CVCVCV;0
aider;3;5;116.22;VER;frequents;court;VVCVC;VCV;0
raison;3;6;24.42;NC;rares;long;CVVCVC;CVCV;0
libre;3;5;35.88;ADJ;rares;court;CVCCV;CVCC;0
progrès;3;7;6.55;NC;rares;long;CCVCCVC;CCVCCV;0
croire;3;6;12.11;VER;rares;long;CCVVCV;CCYVC;0
efforts;3;7;2.64;NC;rares;long;VCCVCCC;VCVC;0
message;3;7;47.72;NC;frequents;long;CVCCVCV;CVCVC;0
gaufre;3;6;0.15;NC;rares;long;CVVCCV;CVCC;0
biberon;3;7;38.64;NC;rares;long;CVCVCVC;CVCVCV;0
aventure;3;8;29.65;NC;rares;long;VCVCCVCV;VCVCVC;0
attentif;3;8;0.37;ADJ;rares;long;VCCVCCVC;VCVCVC;0
agent;3;5;46.8;NC;frequents;court;VCVCC;VCV;0
sécurité;3;8;20.94;NC;rares;long;CVCVCVCV;CVCVCVCV;0
uniforme;3;8;11.94;NC;rares;long;VCVCVCCV;VCVCVCC;0
explique;3;8;65.09;VER;frequents;long;VCCCVCVV;VCCCCVC;0
ensuite;3;7;177.31;ADV;frequents;long;VCCVVCV;VCYVC;0
exemple;3;7;176.42;NC;frequents;long;VCVCCCV;VCCVCC;0
exquis;3;6;3.9;ADJ;rares;long;VCCVVC;VCCCV;0
exercice;3;8;246.36;NC;frequents;long;VCVCCVCV;VCCVCCVC;0
extra;3;5;8.46;ADJ;rares;court;VCCCV;VCCCCV;0
dix;3;3;176.78;ADJ;frequents;court;CVC;CVC;0
six;3;3;151.99;ADJ;frequents;court;CVC;CVC;0
remplir;3;7;10.65;VER;rares;long;CVCCCVC;CVCCVC;0
excuse;3;6;25.11;NC;rares;long;VCCVCV;VCCCVC;0
soigner;3;7;37.5;VER;rares;long;CVVCCVC;CYVCV;0
cygne;3;5;13.42;NC;rares;court;CVCCV;CVC;0
chignon;3;7;12.88;NC;rares;long;CCVCCVC;CVCV;0
montagne;3;8;333.12;NC;frequents;long;CVCCVCCV;CVCVC;0
mulot;3;5;1.27;NC;rares;court;CVCVC;CVCV;0
étrange;3;7;38.87;ADJ;rares;long;VCCVCCV;VCCVC;0
terrier;3;7;0.75;NC;rares;long;CVCCVVC;CVCYV;0
intrigué;3;8;5.53;VER;rares;long;VCCCVCVV;VCCVCV;0
remarque;3;8;16.33;NC;rares;long;CVCVCCVV;CVCVCC;0
protéger;3;8;29.31;VER;rares;long;CCVCVCVC;CCVCVCV;0
réserve;3;7;3.52;NC;rares;long;CVCVCCV;CVCVCC;0
hérisson;3;8;126.64;NC;frequents;long;CVCVCCVC;VCVCV;0
fier;3;4;45.54;ADJ;frequents;court;CVVC;CYVC;0
pousser;3;7;28.8;VER;rares;long;CVVCCVC;CVCV;0
voler;3;5;87.96;VER;frequents;court;CVCVC;CVCV;0
autour;3;6;287.6;ADV;frequents;long;VVCVVC;VCVC;0
accepter;3;8;0.52;VER;rares;long;VCCVCCVC;VCCVCCV;0
chez;3;4;965.07;PRE;frequents;court;CCVC;CV;0
couvert;3;7;6.37;VER;rares;long;CVVCVCC;CVCVC;0
marchand;3;8;69.39;NC;frequents;long;CVCCCVCC;CVCCV;0
toux;3;4;0.35;NC;rares;court;CVVC;CV;0
pierre;3;6;383.13;NP;frequents;long;CVVCCV;CYVC;0
montrer;3;7;36.8;VER;rares;long;CVCCCVC;CVCCV;0
sauter;3;6;80.57;VER;frequents;long;CVVCVC;CVCV;0
leur;4;4;537.29;DET;frequents;court;CVVC;CVC;0
couleur;4;7;251.44;NC;frequents;long;CVVCVVC;CVCVC;0
vieux;4;5;365.75;ADJ;frequents;court;CVVVC;CYV;0
radeau;4;6;0.15;NC;rares;long;CVCVVV;CVCV;0
cœur;4;4;236.09;NC;frequents;court;CVVVC;CVC;0
sœur;4;4;277.64;NC;frequents;court;CVVVC;CVC;0
œuf;4;3;321.25;NC;frequents;court;VVVC;VC;0
vœu;4;3;25.2;NC;rares;court;CVVV;CV;0
nœud;4;4;200.16;NC;frequents;court;CVVVC;CV;0
gagner;4;6;100.11;VER;frequents;long;CVCCVC;CVCV;0
souvent;4;7;182.68;ADV;frequents;long;CVVCVCC;CVCV;0
classe;4;6;311.41;NC;frequents;long;CCVCCV;CCVC;0
cheveux;4;7;318.65;NC;frequents;long;CCVCVVC;CVCV;0
dizaine;4;7;8.35;NC;rares;long;CVCVVCV;CVCVC;0
dessiner;4;8;65.84;VER;frequents;long;CVCCVCVC;CVCVCV;0
emmener;4;7;16.35;VER;rares;long;VCCVCVC;VCVCV;0
déranger;4;8;8.45;VER;rares;long;CVCVCCVC;CVCVCV;0
insister;4;8;0.35;VER;rares;long;VCCVCCVC;VCVCCV;0
matériel;4;8;44.29;NC;frequents;long;CVCVCVVC;CVCVCYVC;0
artiste;4;7;5.36;NC;rares;long;VCCVCCV;VCCVCC;0
encre;4;5;34.12;NC;rares;court;VCCCV;VCC;0
heure;4;5;277.48;NC;frequents;court;CVVCV;VC;0
respirer;4;8;13.36;VER;rares;long;CVCCVCVC;CVCCVCV;0
trompe;4;6;50.58;NC;frequents;long;CCVCCV;CCVC;0
tempête;4;7;128.13;NC;frequents;long;CVCCVCV;CVCVC;0
puissant;4;8;1.05;ADJ;rares;long;CVVCCVCC;CYVCV;0
heureux;4;7;317.65;ADJ;frequents;long;CVVCVVC;VCV;0
comment;4;7;274.03;ADV;frequents;long;CVCCVCC;CVCV;0
plonger;4;7;16.2;VER;rares;long;CCVCCVC;CCVCV;0
étroit;4;6;10.69;ADJ;rares;long;VCCVVC;VCCYV;0
créature;4;8;0.61;NC;rares;long;CCVVCVCV;CCVVCVC;0
étonnant;4;8;3.85;ADJ;rares;long;VCVCCVCC;VCVCV;0
nageoire;4;8;13.65;NC;rares;long;CVCVVVCV;CVCYVC;0
certain;4;7;8.28;ADJ;rares;long;CVCCVVC;CVCCV;0
exotique;4;8;0.35;ADJ;rares;long;VCVCVCVV;VCCVCVC;0
étoile;4;6;172.61;NC;frequents;long;VCVVCV;VCYVC;0
spécial;4;7;32.66;ADJ;rares;long;CCVCVVC;CCVCYVC;0
large;4;5;3.95;ADJ;rares;court;CVCCV;CVCC;0
payer;4;5;88.61;VER;frequents;court;CVVVC;CVYV;0
balayer;4;7;8.25;VER;rares;long;CVCVVVC;CVCVYV;0
frayeur;4;7;1.13;NC;rares;long;CCVVVVC;CCVYVC;0
araignée;4;8;62.87;NC;frequents;long;VCVVCCVV;VCVCV;0
faufiler;4;8;0.5;VER;rares;long;CVVCVCVC;CVCVCV;0
met;4;3;678.55;VER;frequents;court;CVC;CV;0
miel;4;4;147.4;NC;frequents;court;CVVC;CYVC;0
peigne;4;6;77.32;NC;frequents;long;CVVCCV;CVC;0
pleine;4;6;96.06;ADJ;frequents;long;CCVVCV;CCVC;0
freiner;4;7;0.62;VER;rares;long;CCVVCVC;CCVCV;0
caille;4;6;0.43;NC;rares;long;CVVCCV;CVY;0
rail;4;4;8.25;NC;rares;court;CVVC;CVY;0
sommeil;4;7;96.1;NC;frequents;long;CVCCVVC;CVCVY;0
conseil;4;7;65.06;NC;frequents;long;CVCCVVC;CVCVY;0
oreille;4;7;116.6;NC;frequents;long;VCVVCCV;VCVY;0
feuille;4;7;246.03;NC;frequents;long;CVVVCCV;CVY;0
fauteuil;4;8;150.59;NC;frequents;long;CVVCVVVC;CVCVY;0
écureuil;4;8;157.53;NC;frequents;long;VCVCVVVC;VCVCVY;0
cuillère;4;8;43.75;NC;frequents;long;CVVCCVCV;CYVYVC;0
rouille;4;7;13.54;NC;rares;long;CVVVCCV;CVY;0
manière;4;7;3.96;NC;rares;long;CVCVVCV;CVCYVC;0
planter;4;7;5.57;VER;rares;long;CCVCCVC;CCVCV;0
question;4;8;58.24;NC;frequents;long;CVVCCVVC;CVCCYV;0
lustre;4;6;13.14;NC;rares;long;CVCCCV;CVCCC;0
promener;4;8;50.39;VER;frequents;long;CCVCVCVC;CCVCCV;0
reflet;4;6;0.61;NC;rares;long;CVCCVC;CVCCV;0
baigner;4;7;3.84;VER;rares;long;CVVCCVC;CVCV;0
mystère;4;7;0.15;NC;rares;long;CVCCVCV;CVCCVC;0
gruyère;4;7;21.99;NC;rares;long;CCVVVCV;CCVYVC;0
yaourt;4;6;54.48;NC;frequents;long;VVVVCC;YVVCC;0
foraine;4;7;1.21;ADJ;rares;long;CVCVVCV;CVCVC;0
réparer;4;7;29.86;VER;rares;long;CVCVCVC;CVCVCV;0
épais;4;5;22.43;ADJ;rares;court;VCVVC;VCV;0
effrayer;4;8;3.9;VER;rares;long;VCCCVVVC;VCCVYV;0
wagon;4;5;40.09;NC;frequents;court;CVCVC;CVCV;0
fourrure;4;8;69.95;NC;frequents;long;CVVCCVCV;CVCVC;0
arrière;4;7;55.1;NC;frequents;long;VCCVVCV;VCYVC;0
rivière;4;7;466.5;NC;frequents;long;CVCVVCV;CVCYVC;0
joyeux;4;6;168.89;ADJ;frequents;long;CVVVVC;CYVYV;0
victoire;4;8;1.25;NC;rares;long;CVCCVVCV;CVCCYVC;0
curieux;4;7;58.81;ADJ;frequents;long;CVCVVVC;CVCYV;0
narine;1;6;15.65;NC;rares;long;CVCVCV;CVCVC;1
défilé;1;6;7.33;NC;rares;long;CVCVCV;CVCVCV;1
famine;1;6;0.5;NC;rares;long;CVCVCV;CVCVC;1
finale;1;6;0.43;NC;rares;long;CVCVCV;CVCVC;1
panorama;1;8;0.53;NC;rares;long;CVCVCVCV;CVCVCVCV;1
parade;1;6;0.3;NC;rares;long;CVCVCV;CVCVC;1
pédalo;1;6;0.61;NC;rares;long;CVCVCV;CVCVCV;1
pilule;1;6;25.46;NC;rares;long;CVCVCV;CVCVC;1
redire;1;6;3.95;VER;rares;long;CVCVCV;CVCVC;1
relire;1;6;8.36;VER;rares;long;CVCVCV;CVCVC;1
saleté;1;6;0.5;NC;rares;long;CVCVCV;CVCVCV;1
solitude;1;8;0.53;NC;rares;long;CVCVCVCV;CVCVCVC;1
timide;1;6;33.03;ADJ;rares;long;CVCVCV;CVCVC;1
vérité;1;6;31.1;NC;rares;long;CVCVCV;CVCVCV;1
volume;1;6;0.43;NC;rares;long;CVCVCV;CVCVC;1
parole;1;6;56.42;NC;frequents;long;CVCVCV;CVCVC;1
pyjama;1;6;83.5;NC;frequents;long;CVCVCV;CVCVCV;1
tirelire;1;8;42.82;NC;frequents;long;CVCVCVCV;CVCVCVC;1
tulipe;1;6;102.26;NC;frequents;long;CVCVCV;CVCVC;1
vitamine;1;8;41.58;NC;frequents;long;CVCVCVCV;CVCVCVC;1