ORTHO;PERIODE;NBLET;CP_U;GRAM
a;1;1;10092.45;VER
il;1;2;22020.40;PRO
la;1;2;31309.86;DET
le;1;2;32230.77;DET
ami;1;3;540.49;NC
lama;1;4;#N/A;#N/A
ma;1;2;999.73;DET
mal;1;3;239.09;ADV
mamie;1;5;71.86;NC
me;1;2;824.58;PRO
mi;1;2;15.53;NC
lasso;1;5;2.49;NC
os;1;2;120.03;NC
sa;1;2;3741.91;DET
sali;1;4;34.99;VER
se;1;2;6147.36;PRO
si;1;2;1083.64;ADV
sol;1;3;186.65;NC
allé;1;4;149.21;VER
ému;1;3;5.41;ADJ
lié;1;3;#N/A;#N/A
salé;1;4;1.39;ADJ
semé;1;4;25.67;VER
lavé;1;4;0.43;VER
levé;1;4;3.81;VER
va;1;2;2087.40;VER
vélo;1;4;573.30;NC
villa;1;5;18.38;NC
vol;1;3;16.20;NC
volé;1;4;60.17;VER
vu;1;2;618.55;VER
ira;1;3;44.57;VER
iris;1;4;8.23;NC
lira;1;4;12.28;VER
mari;1;4;25.72;NC
mur;1;3;195.94;NC
or;1;2;107.48;NC
ramé;1;4;0.52;VER
revu;1;4;#N/A;#N/A
salir;1;5;19.48;VER
sera;1;4;251.62;VER
sur;1;3;5205.24;PRE
amour;1;5;21.78;NC
mou;1;3;3.85;ADJ
ou;1;2;1145.98;CON
ours;1;4;643.10;NC
ouvrir;1;6;97.21;VER
roula;1;5;10.68;VER
roulé;1;5;0.70;VER
sou;1;3;0.42;NC
ile;1;3;#N/A;#N/A
lame;1;4;25.70;NC
lave;1;4;200.44;VER
lire;1;4;628.94;VER
lit;1;3;854.38;NC
mie;1;3;0.50;NC
mot;1;3;238.60;NC
moule;1;5;55.04;NC
mousse;1;6;116.59;NC
mule;1;4;31.62;NC
olive;1;5;25.48;NC
rat;1;3;460.21;NC
rive;1;4;51.80;NC
roux;1;4;26.73;ADJ
rue;1;3;707.09;NC
sale;1;4;158.95;ADJ
rame;1;4;32.50;NC
salut;1;5;22.39;NC
souris;1;6;514.05;NC
sous;1;4;622.39;PRE
vie;1;3;126.38;NC
ville;1;5;411.38;NC
vole;1;4;167.02;VER
vos;1;3;52.33;DET
vous;1;4;1552.03;PRO
vue;1;3;13.47;NC
animal;1;6;221.99;NC
année;1;5;182.15;NC
lune;1;4;470.60;NC
marine;1;6;13.76;ADJ
menu;1;4;58.70;NC
navire;1;6;81.41;NC
ne;1;2;4200.13;ADV
né;1;2;42.54;VER
ni;1;2;265.50;CON
nos;1;3;123.43;DET
nourrir;1;7;24.83;VER
sonne;1;5;113.84;VER
nous;1;4;1409.30;PRO
nu;1;2;42.08;ADJ
nul;1;3;0.43;PRO
numéro;1;6;90.31;NC
savane;1;6;0.62;NC
une;1;3;20528.37;DET
venir;1;5;108.99;VER
un;1;2;28807.19;DET
affamé;1;6;0.37;ADJ
fa;1;2;23.83;NC
fallu;1;5;8.16;VER
farine;1;6;229.63;NC
fée;1;3;112.55;NC
file;1;4;56.43;VER
fine;1;4;19.42;ADJ
fini;1;4;140.55;VER
finir;1;5;35.66;VER
fort;1;4;307.68;ADV
four;1;4;101.63;NC
fume;1;4;50.42;VER
affiche;1;7;48.13;NC
char;1;4;24.87;NC
chasse;1;6;36.73;NC
chassé;1;6;0.52;VER
chat;1;4;1714.06;NC
cheval;1;6;292.77;NC
chou;1;4;109.79;NC
machine;1;7;118.01;NC
marché;1;6;73.23;NC
miche;1;5;#N/A;#N/A
mouche;1;6;32.52;NC
niche;1;5;131.88;NC
riche;1;5;31.77;ADJ
roche;1;5;0.62;NC
ruche;1;5;36.73;NC
vache;1;5;176.26;NC
jaloux;1;6;8.26;ADJ
joli;1;4;240.27;ADJ
joué;1;4;90.44;VER
joujou;1;6;#N/A;#N/A
jour;1;4;858.94;NC
journal;1;7;205.42;NC
journée;1;7;223.31;NC
jus;1;3;121.11;NC
séjour;1;6;13.45;NC
adore;1;5;39.44;VER
dame;1;4;104.66;NC
de;1;2;25056.03;PRE
dé;1;2;21.62;NC
déchiré;1;7;3.84;VER
demi;1;4;3.84;ADV
dessus;1;6;59.96;ADV
dire;1;4;267.30;VER
do;1;2;22.47;NC
domino;1;6;42.60;NC
doré;1;4;22.91;ADJ
dormir;1;6;104.63;VER
dos;1;3;362.61;NC
douche;1;6;46.70;NC
doux;1;4;70.22;ADJ
du;1;2;6517.12;DET
dune;1;4;#N/A;#N/A
dur;1;3;53.97;ADJ
foudre;1;6;1.83;NC
idée;1;4;273.93;NC
judo;1;4;41.47;NC
lundi;1;5;70.22;NC
madame;1;6;273.93;NC
malade;1;6;188.11;ADJ
mardi;1;5;102.27;NC
midi;1;4;179.53;NC
radio;1;5;54.11;NC
radis;1;5;131.21;NC
salade;1;6;296.16;NC
solide;1;6;45.30;ADJ
sud;1;3;10.67;NC
chuchoté;1;8;1.01;VER
chute;1;5;3.72;NC
date;1;4;25.92;NC
été;1;3;295.02;VER
loto;1;4;81.43;NC
métal;1;5;1.05;NC
météo;1;5;7.60;NC
métro;1;5;#N/A;#N/A
minute;1;6;42.68;NC
moto;1;4;259.60;NC
nature;1;6;40.69;NC
noté;1;4;3.97;VER
notre;1;5;228.92;DET
ortie;1;5;#N/A;#N/A
route;1;5;423.93;NC
ta;1;2;378.88;DET
tache;1;5;50.13;NC
tarte;1;5;240.05;NC
tartine;1;7;32.89;NC
tasse;1;5;109.63;NC
te;1;2;873.39;PRO
télé;1;4;51.69;NC
tir;1;3;21.94;NC
tissu;1;5;70.34;NC
tomate;1;6;47.33;NC
torche;1;6;#N/A;#N/A
tortue;1;6;515.09;NC
toujours;1;8;485.48;ADV
tour;1;4;306.76;NC
tousse;1;6;38.11;VER
triste;1;6;111.25;ADJ
trou;1;4;195.23;NC
trousse;1;7;50.59;NC
tu;1;2;5467.58;PRO
vite;1;4;1365.09;ADV
votre;1;5;249.57;DET
départ;1;6;215.91;NC
épi;1;3;43.23;NC
jupe;1;4;122.04;NC
papa;1;4;1269.72;NC
par;1;3;1217.79;PRE
parti;1;5;36.79;VER
pas;1;3;5110.42;ADV
passé;1;5;3.96;ADJ
pédale;1;6;35.56;NC
pétale;1;6;32.36;NC
petit;1;5;3700.98;ADJ
pétri;1;5;0.42;VER
piano;1;5;62.91;NC
pie;1;3;110.52;NC
pile;1;4;88.02;NC
pilote;1;6;34.95;NC
pipe;1;4;90.99;NC
pirate;1;6;43.58;NC
piste;1;5;105.85;NC
pli;1;3;10.33;NC
plu;1;3;36.73;VER
plume;1;5;112.23;NC
poche;1;5;159.91;NC
poli;1;4;19.03;ADJ
porte;1;5;544.91;NC
poste;1;5;159.59;NC
poule;1;5;183.83;NC
poupée;1;6;178.76;NC
pour;1;4;5832.38;PRE
poux;1;4;15.64;NC
prix;1;4;98.36;NC
proche;1;6;0.76;ADJ
prune;1;5;15.28;NC
pu;1;2;84.06;VER
rapide;1;6;143.76;ADJ
tapis;1;5;221.51;NC
toupie;1;6;27.16;NC
arc;2;3;22.23;NC
cacao;2;5;38.91;NC
café;2;4;122.05;NC
car;2;3;358.59;CON
carotte;2;7;3.72;NC
carré;2;5;40.34;NC
carte;2;5;187.67;NC
cassé;2;5;114.62;VER
cave;2;4;94.61;NC
chocolat;2;8;446.19;NC
clé;2;3;126.59;NC
cloche;2;6;58.91;NC
clou;2;4;70.22;NC
coco;2;4;6.55;NC
colle;2;5;81.11;NC
copine;2;6;#N/A;#N/A
cou;2;3;169.06;NC
coucou;2;6;22.34;NC
coude;2;5;21.97;NC
coupe;2;5;127.35;VER
coupé;2;5;31.82;VER
courir;2;6;118.70;VER
cri;2;3;73.54;NC
cru;2;3;27.23;VER
culotte;2;7;65.04;NC
éclat;2;5;3.89;NC
école;2;5;1076.05;NC
écrire;2;6;156.49;VER
lac;2;3;107.33;NC
parc;2;4;82.00;NC
pic;2;3;33.11;NC
récré;2;5;#N/A;#N/A
sac;2;3;484.38;NC
sucre;2;5;307.93;NC
sucré;2;5;#N/A;#N/A
abri;2;4;104.17;NC
arbre;2;5;398.19;NC
bac;2;3;3.89;NC
balade;2;6;1.22;NC
balle;2;5;168.07;NC
banane;2;6;96.86;NC
bas;2;3;61.11;NC
bébé;2;4;379.08;NC
biche;2;5;13.26;NC
bijou;2;5;10.60;NC
blé;2;3;90.91;NC
boa;2;3;16.21;NC
bol;2;3;123.06;NC
bouche;2;6;173.57;NC
boucle;2;6;19.08;NC
bravo;2;5;98.65;INT
brioche;2;7;52.41;NC
brun;2;4;25.74;ADJ
bu;2;2;63.83;VER
bulle;2;5;8.18;NC
cabine;2;6;13.47;NC
cobra;2;5;#N/A;#N/A
crabe;2;5;54.23;NC
lavabo;2;6;51.17;NC
oublié;2;6;82.78;VER
robe;2;4;256.91;NC
sable;2;5;68.58;NC
table;2;5;479.89;NC
tube;2;4;31.64;NC
frigo;2;5;0.62;NC
galope;2;6;8.96;VER
gare;2;4;147.84;NC
grappe;2;6;46.70;NC
gré;2;3;#N/A;#N/A
griffe;2;6;0.42;NC
gris;2;4;107.63;ADJ
grotte;2;6;21.87;NC
groupe;2;6;5.45;NC
grue;2;4;28.60;NC
légume;2;6;22.32;NC
ogre;2;4;47.53;NC
rigolo;2;6;0.50;ADJ
tigre;2;5;84.58;NC
bague;2;5;131.23;NC
blague;2;6;#N/A;#N/A
guérir;2;6;8.23;VER
gui;2;3;3.67;NC
gué;2;3;#N/A;#N/A
guide;2;5;11.87;NC
guitare;2;7;189.79;NC
vague;2;5;25.24;NC
anorak;2;6;35.76;NC
karaté;2;6;3.74;NC
képi;2;4;44.35;NC
kilo;2;4;75.75;NC
kimono;2;6;49.39;NC
koala;2;5;13.93;NC
ski;2;3;159.32;NC
brique;2;6;7.97;NC
casque;2;6;19.60;NC
chaque;2;6;660.06;ADJ
claque;2;6;10.63;NC
coq;2;3;159.76;NC
croqué;2;6;#N/A;#N/A
équipe;2;6;90.42;NC
liquide;2;7;10.56;NC
masque;2;6;107.22;NC
nuque;2;5;1.50;NC
piqué;2;5;8.14;VER
quart;2;5;0.42;NC
que;2;3;2806.59;CON
qui;2;3;6617.53;PRO
quiche;2;6;#N/A;#N/A
risque;2;6;13.38;VER
taquine;2;7;7.63;VER
azur;2;4;3.97;NC
bazar;2;5;29.45;NC
bizarre;2;7;117.57;ADJ
douze;2;5;73.08;ADJ
gaz;2;3;21.94;NC
zéro;2;4;63.81;NC
zoo;2;3;145.77;NC
es;2;2;377.17;VER
des;2;3;10966.62;DET
les;2;3;13993.85;DET
mes;2;3;430.31;DET
ses;2;3;2209.86;DET
tes;2;3;229.48;DET
est;2;3;18352.48;VER
dent;2;4;128.70;NC
en;2;2;6156.27;PRE
temple;2;6;#N/A;#N/A
encore;2;6;794.32;ADV
entré;2;5;3.89;VER
envie;2;5;166.73;NC
lent;2;4;10.86;ADJ
ment;2;4;4.03;VER
mentir;2;6;5.49;VER
prendre;2;7;232.09;VER
sentir;2;6;5.58;VER
tente;2;5;55.38;NC
vendre;2;6;47.78;VER
vent;2;4;422.01;NC
ventre;2;6;176.35;NC
avion;2;5;235.19;NC
ballon;2;6;216.64;NC
bon;2;3;661.22;ADJ
bonbon;2;6;37.78;NC
bonjour;2;7;388.39;NC
bouton;2;6;52.85;NC
camion;2;6;161.05;NC
cochon;2;6;81.74;NC
compote;2;7;35.02;NC
conte;2;5;55.10;NC
coton;2;5;39.54;NC
dragon;2;6;31.32;NC
fondu;2;5;10.87;ADJ
lion;2;4;202.12;NC
melon;2;5;28.70;NC
mon;2;3;1824.41;DET
monstre;2;7;27.10;NC
montre;2;6;99.87;VER
montré;2;6;#N/A;#N/A
mouton;2;6;172.46;NC
nombre;2;6;52.28;NC
ombre;2;5;86.40;NC
on;2;2;2897.81;PRO
oncle;2;5;105.66;NC
ongle;2;5;28.60;NC
onze;2;4;93.05;ADJ
pompe;2;5;63.64;NC
pont;2;4;189.23;NC
salon;2;5;74.42;NC
son;2;3;5141.88;DET
ton;2;3;441.74;DET
angle;2;5;3.62;NC
avant;2;5;329.03;PRE
banque;2;6;3.91;NC
blanche;2;7;122.53;ADJ
cantine;2;7;52.68;NC
chambre;2;7;372.45;NC
chanson;2;7;134.53;NC
danse;2;5;67.18;NC
devant;2;6;275.00;PRE
écran;2;5;36.38;NC
gant;2;4;36.77;NC
jambe;2;5;81.91;NC
jambon;2;6;107.11;NC
lampe;2;5;138.13;NC
maman;2;5;2333.21;NC
manche;2;6;69.13;NC
panda;2;5;0.77;NC
pendant;2;7;462.03;PRE
plan;2;4;27.44;NC
ruban;2;5;39.56;NC
tante;2;5;78.55;NC
viande;2;6;40.47;NC
volcan;2;6;11.90;NC
chemin;2;6;261.03;_NC
dinde;2;5;15.56;NC
fin;2;3;202.26;NC
impoli;2;6;7.21;ADJ
invité;2;6;45.78;VER
jardin;2;6;1082.71;NC
lapin;2;5;386.80;NC
lin;2;3;0.62;NC
malin;2;5;23.52;ADJ
matin;2;5;671.84;NC
pin;2;3;32.01;NC
sapin;2;5;218.40;NC
timbre;2;6;36.15;NC
vin;2;3;35.48;NC
avec;2;4;5207.47;PRE
belle;2;5;400.52;ADJ
elle;2;4;8507.24;PRO
ferme;2;5;158.31;NC
festin;2;6;0.42;NC
galette;2;7;60.06;NC
jette;2;5;109.76;VER
lettre;2;6;186.65;NC
pelle;2;5;92.42;NC
perdu;2;5;284.08;VER
perle;2;5;8.32;NC
poubelle;2;8;19.72;NC
quel;2;4;540.36;ADJ
reste;2;5;288.36;VER
serpent;2;7;78.97;NC
terre;2;5;569.25;NC
verre;2;5;227.40;NC
vert;2;4;433.81;ADJ
veste;2;5;110.51;NC
ça;2;2;827.61;PRO
ce;2;2;1453.13;DET
ceci;2;4;7.68;PRO
cela;2;4;301.36;PRO
cet;2;3;181.99;DET
cette;2;5;938.85;DET
ci;2;2;25.90;ADV
ciel;2;4;231.89;NC
cil;2;3;19.75;NC
cirque;2;6;216.58;NC
cité;2;4;#N/A;#N/A
citron;2;6;126.20;NC
douce;2;5;32.80;ADJ
épice;2;5;2.49;NC
facile;2;6;103.17;ADJ
garçon;2;6;535.11;NC
glace;2;5;332.42;NC
glaçon;2;6;10.70;NC
ici;2;3;253.98;ADV
leçon;2;5;96.92;NC
police;2;6;65.26;NC
prince;2;6;110.03;NC
puce;2;4;19.47;NC
reçu;2;4;87.88;VER
piscine;2;7;174.83;NC
scie;2;4;15.40;NC
agir;3;4;1.05;VER
bougie;3;6;58.46;NC
cage;3;4;154.77;NC
étage;3;5;10.75;NC
fromage;3;7;292.47;NC
garage;3;6;107.46;NC
gorge;3;5;3.89;NC
juge;3;4;3.97;NC
mange;3;5;399.35;VER
mangé;3;5;198.15;VER
nage;3;4;63.28;VER
orange;3;6;73.10;NC
page;3;4;140.13;NC
plage;3;5;31.04;NC
rouge;3;5;604.79;ADJ
sage;3;4;16.23;ADJ
singe;3;5;62.87;NC
amuse;3;5;98.36;VER
assise;3;6;29.61;VER
base;3;4;0.61;NC
bise;3;4;3.86;NC
bison;3;5;0.62;NC
bisou;3;5;12.69;NC
blouse;3;6;#N/A;#N/A
cerise;3;6;35.48;NC
chose;3;5;202.75;NC
cousin;3;6;67.69;NC
désert;3;6;8.20;NC
écrasé;3;6;1.25;VER
frisé;3;5;0.75;ADJ
mise;3;4;3.89;VER
osé;3;3;0.50;VER
posé;3;4;43.88;VER
rose;3;4;173.53;ADJ
ruse;3;4;8.37;NC
trésor;3;6;45.34;NC
usé;3;3;3.80;ADJ
usine;3;5;6.82;NC
valise;3;6;123.39;NC
vase;3;4;81.74;NC
visage;3;6;96.05;NC
aller;3;5;448.51;VER
amuser;3;6;63.93;VER
diner;3;5;#N/A;#N/A
jeter;3;5;67.58;VER
jouer;3;5;413.31;VER
laver;3;5;139.81;VER
lever;3;5;15.96;VER
nager;3;5;44.53;VER
oser;3;4;#N/A;#N/A
parler;3;6;64.18;VER
passer;3;6;186.48;VER
porter;3;6;54.50;VER
rentrer;3;7;111.15;VER
tirer;3;5;10.63;VER
trouver;3;7;148.82;VER
verser;3;6;10.18;VER
avoir;1;5;342.64;VER
boire;2;5;111.93;VER
foi;1;3;10.62;NC
loi;1;3;0.50;NC
miroir;1;6;83.31;NC
moi;1;3;1703.18;PRO
noir;1;4;263.80;ADJ
noix;1;4;84.17;NC
oie;1;3;57.44;NC
poil;1;4;8.45;NC
poivre;1;6;22.15;NC
quoi;2;4;316.33;PRO
roi;1;3;359.81;NC
savoir;1;6;88.92;VER
soi;1;3;19.18;PRO
soif;1;4;85.63;NC
soir;1;4;518.16;NC
toi;1;3;888.67;PRO
toit;1;4;173.61;NC
voici;2;5;436.60;PRE
voir;1;4;572.73;VER
après;2;5;440.66;PRE
colère;2;6;176.68;NC
crème;2;5;111.08;NC
dès;2;3;126.79;PRE
frère;2;5;334.87;NC
lève;2;4;247.22;VER
mère;2;4;383.36;NC
pèle;2;4;8.35;VER
père;2;4;492.62;NC
règle;2;5;70.35;NC
sèche;2;5;8.16;ADJ
sirène;2;6;34.39;NC
très;2;4;2024.57;ADV
zèbre;2;5;120.26;NC
béret;3;5;0.30;NC
chalet;3;6;38.82;NC
et;3;2;16574.33;CON
filet;3;5;65.11;NC
furet;3;5;0.50;NC
navet;3;5;0.61;_NC
tabouret;3;8;35.69;NC
gilet;3;5;22.01;NC
poulet;3;6;127.78;NC
robinet;3;7;64.69;NC
secret;3;6;59.25;NC
sifflet;3;7;32.69;NC
sujet;3;5;0.52;NC
violet;3;6;19.11;NC
au;3;2;4773.80;DET
aussi;3;5;1355.04;ADV
auto;3;4;108.98;NC
autre;3;5;395.06;ADJ
bateau;3;6;190.37;NC
bureau;3;6;49.65;NC
cerveau;3;7;#N/A;#N/A
chameau;3;7;41.33;NC
chaude;3;6;65.21;ADJ
corbeau;3;7;179.13;NC
couteau;3;7;80.54;NC
eau;3;3;1148.41;NC
épaule;3;6;48.51;NC
faucon;3;6;5.52;NC
fauve;3;5;8.22;NC
jaune;3;5;275.57;ADJ
marteau;3;7;53.99;NC
niveau;3;6;0.61;NC
pause;3;5;7.44;NC
sauce;3;5;28.79;NC
sauf;3;4;32.72;PRE
courant;3;7;61.07;VER
criant;3;6;18.46;VER
jouant;3;6;15.59;VER
lisant;3;6;3.69;VER
pesant;3;6;#N/A;#N/A
riant;3;5;36.00;VER
vivant;3;6;0.50;ADJ
volant;3;6;10.77;NC
dehors;3;6;126.56;ADV
habitat;3;7;#N/A;#N/A
habite;3;6;153.92;VER
haricot;3;7;23.11;NC
haut;3;4;164.38;NC
herbe;3;5;153.72;NC
hier;3;4;63.77;ADV
histoire;3;8;852.75;NC
hiver;3;5;355.47;NC
horloge;3;7;58.08;NC
action;3;6;#N/A;#N/A
émotion;3;7;0.30;NC
éruption;3;8;#N/A;#N/A
natation;3;8;22.16;NC
patient;3;7;0.50;ADJ
position;3;8;#N/A;#N/A
potion;3;6;0.15;NC
solution;3;8;27.08;NC
station;3;7;26.37;NC
axe;3;3;0.30;NC
boxe;3;4;51.14;NC
excuser;3;7;0.53;VER
fixer;3;5;8.22;VER
taxi;3;4;126.29;NC
agneau;3;6;105.81;NC
campagne;3;8;155.93;NC
gagnant;3;7;14.49;NC
gagné;3;5;104.98;VER
grignote;3;8;59.00;VER
grogne;3;6;35.51;VER
guignol;3;7;75.35;NC
ligne;3;5;184.72;NC
mignon;3;6;52.00;ADJ
poignet;3;7;1.21;NC
signal;3;6;73.21;NC
signe;3;5;56.03;NC
soigne;3;6;56.93;VER
vigne;3;5;19.07;NC
aide;2;4;53.12;NC
aigle;2;5;3.64;NC
aigu;2;4;#N/A;#N/A
aile;2;4;63.96;NC
aimer;3;5;5.52;VER
air;2;3;437.83;NC
balai;2;5;108.18;NC
caisse;2;6;126.75;NC
chaise;3;6;142.49;NC
craie;2;5;13.56;NC
éclair;2;6;30.90;NC
faible;2;6;1.22;NC
faire;2;5;2007.37;VER
fait;2;4;2495.73;VER
fraise;3;6;113.24;NC
laine;2;5;160.91;NC
lait;2;4;374.37;NC
laitue;2;6;16.61;NC
mai;2;3;5.24;NC
maison;3;6;1460.96;NC
paire;2;5;70.07;NC
plaisir;3;7;38.96;NC
quai;2;4;22.11;NC
raisins;3;7;3.98;NC
allez;3;5;106.07;VER
nez;3;3;566.92;NC
bavard;3;6;3.83;ADJ
blanc;3;5;297.43;ADJ
blond;3;5;25.92;ADJ
bord;3;4;356.78;NC
cerf;3;4;#N/A;#N/A
chaud;3;5;133.58;ADJ
coup;3;4;491.02;NC
crapaud;3;7;18.40;NC
fond;3;4;112.48;NC
froid;3;5;172.72;ADJ
fusil;3;5;44.60;NC
galop;3;5;13.46;NC
grand;3;5;642.30;ADJ
lézard;3;6;51.66;NC
long;3;4;59.31;NC
loup;3;4;516.75;NC
lourd;3;5;8.27;ADJ
nid;3;3;222.91;NC
nord;3;4;39.13;NC
porc;3;4;3.90;NC
quand;3;5;1087.42;CON
rang;3;4;8.46;NC
renard;3;6;405.76;NC
sirop;3;5;70.37;NC
tard;3;4;228.79;ADV
tronc;3;5;21.72;NC
trop;3;4;728.61;ADV
vend;3;4;62.03;VER
bille;3;5;55.67;NC
brillant;3;8;16.37;ADJ
brille;3;6;82.63;VER
briller;3;7;19.24;VER
chenille;3;8;10.71;NC
cheville;3;8;10.75;NC
coquille;3;8;54.03;NC
famille;3;7;236.58;NC
fille;3;5;400.03;NC
gorille;3;7;13.23;NC
grille;3;6;68.32;NC
quille;3;6;32.99;NC
billet;3;6;46.41;NC
bleu;4;4;230.29;ADJ
deux;4;4;1241.70;ADJ
eux;4;3;211.09;PRO
feu;4;3;477.66;NC
feutre;4;6;1.21;NC
fleuve;4;6;32.93;NC
jeu;4;3;288.65;NC
jeudi;4;5;119.20;NC
jeune;4;5;123.81;ADJ
neuve;4;5;5.05;ADJ
neveu;4;5;0.43;NC
oeuf;4;4;#N/A;#N/A
peu;4;3;828.41;ADV
soeur;4;5;#N/A;#N/A
voeu;4;4;#N/A;#N/A
chaton;4;6;37.71;NC
envoyer;4;7;32.77;VER
foyer;4;5;#N/A;#N/A
loyer;4;5;6.84;NC
noyau;4;5;75.67;NC
noyer;4;5;19.30;VER
royaume;4;7;34.13;NC
voyage;4;6;193.95;NC
voyager;4;7;10.44;VER
voyant;4;6;63.36;VER
voyelle;4;7;13.41;NC
ail;4;3;8.26;NC
bétail;4;6;0.62;NC
corail;4;6;#N/A;#N/A
détail;4;6;22.31;NC
émail;4;5;0.30;NC
éveil;4;5;#N/A;#N/A
fenouil;4;7;18.27;NC
orteil;4;6;18.41;NC
pareil;4;6;10.75;ADJ
portail;4;7;33.75;NC
réveil;4;6;103.00;NC
soleil;4;6;594.00;NC
travail;4;7;214.01;NC
abeille;4;7;58.58;NC
bataille;4;8;12.33;NC
bouillir;4;8;0.62;VER
bouillon;4;8;13.48;NC
caillou;4;7;35.13;NC
cailloux;4;8;28.69;NC
écaille;4;7;3.89;NC
maillot;4;7;80.87;NC
médaille;4;8;16.20;NC
mouiller;4;8;22.95;VER
muraille;4;8;5.43;NC
paille;4;6;82.51;NC
taille;4;6;50.31;NC
tailler;4;7;#N/A;#N/A
volaille;4;8;0.43;NC
alphabet;4;8;12.53;NC
dauphin;4;7;37.80;NC
éléphant;4;8;262.85;NC
phare;4;5;73.02;NC
phoque;4;6;88.47;NC
photo;4;5;212.61;NC
phrase;4;6;123.21;NC
baleine;4;7;72.93;NC
freine;4;6;5.57;VER
neige;4;5;550.30;NC
neiger;4;6;8.36;VER
reine;4;5;160.61;NC
seize;4;5;22.32;ADJ
treize;4;6;8.26;ADJ
yeux;4;4;473.66;NC
youpi;4;5;1.13;INT
yoyo;4;4;0.62;NC
y;1;1;2297.87;PRO
lu;1;2;134.97;VER
lys;1;3;#N/A;#N/A
sas;1;3;#N/A;#N/A
solo;1;4;#N/A;#N/A
sumo;1;4;#N/A;#N/A
samossa;1;7;#N/A;#N/A
mémé;1;4;0.38;NC
mémo;1;4;#N/A;#N/A
salué;1;5;0.62;VER
vis;1;3;3.89;VER
vissé;1;5;#N/A;#N/A
lava;1;4;#N/A;#N/A
vomi;1;4;0.61;VER
ré;1;2;10.67;NC
mûrir;1;5;3.90;VER
vomir;1;5;#N/A;#N/A
mars;1;4;28.60;NC
sevré;1;5;#N/A;#N/A
survolé;1;7;#N/A;#N/A
râlé;1;4;#N/A;#N/A
soulevé;1;7;0.61;VER
souri;1;5;0.61;VER
savouré;1;7;#N/A;#N/A
loué;1;4;#N/A;#N/A
avoué;1;5;#N/A;#N/A
réussir;1;7;3.82;VER
voulu;1;5;63.43;VER
réussi;1;6;16.18;VER
ravioli;1;7;#N/A;#N/A
velours;1;7;5.55;NC
vivre;1;5;35.61;VER
ouvre;1;5;359.53;VER
sourire;1;7;65.17;NC
rousse;1;6;41.39;ADJ
lilas;1;5;89.93;NC
louve;1;5;0.61;NC
livre;1;5;609.20;NC
mûre;1;4;8.36;ADJ
marié;1;5;#N/A;#N/A
momie;1;5;#N/A;#N/A
loue;1;4;1.21;VER
arrivée;1;7;107.47;NC
roule;1;5;85.97;VER
ravit;1;5;#N/A;#N/A
valse;1;5;0.38;NC
alors;1;5;1038.09;ADV
narval;1;6;#N/A;#N/A
savonne;1;7;0.50;VER
sonnerie;1;8;8.25;NC
sonné;1;5;#N/A;#N/A
âne;1;3;187.87;NC
renoue;1;6;#N/A;#N/A
orne;1;4;#N/A;#N/A
rémunéré;1;8;#N/A;#N/A
alarme;1;6;13.49;NC
lui;1;3;2932.50;PRO
suis;1;4;862.24;VER
nuit;1;4;766.74;NC
minuit;1;6;28.95;NC
suite;1;5;217.89;NC
suivi;1;5;5.28;VER
vit;1;3;212.31;VER
sort;1;4;325.45;VER
savoure;1;7;#N/A;#N/A
avale;1;5;34.75;VER
où;1;2;1162.05;PRO
fou;1;3;108.19;ADJ
ouf;1;3;68.91;INT
fil;1;3;259.56;NC
fourmi;1;6;64.62;NC
fané;1;4;#N/A;#N/A
film;1;4;72.62;NC
fémur;1;5;#N/A;#N/A
mât;1;3;12.09;NC
fuit;1;4;16.39;VER
fuir;1;4;3.89;VER
fouine;1;6;#N/A;#N/A
fruit;1;5;67.88;NC
frime;1;5;#N/A;#N/A
soufflé;1;7;3.90;VER
frémir;1;6;#N/A;#N/A
flou;1;4;#N/A;#N/A
rafale;1;6;#N/A;#N/A
ramasse;1;7;61.53;VER
souffre;1;7;7.43;VER
offre;1;5;40.00;VER
farouche;1;8;#N/A;#N/A
Chine;1;5;10.20;NP
charrié;1;7;#N/A;#N/A
charrue;1;7;#N/A;#N/A
marche;1;6;255.92;VER
offrir;1;6;19.53;VER
achat;1;5;3.96;NC
râle;1;4;0.62;VER
mâche;1;5;0.52;VER
je;1;2;6741.35;PRO
réjouir;1;7;#N/A;#N/A
ravive;1;6;#N/A;#N/A
ramené;1;6;12.06;VER
foule;1;5;43.59;NC
samedi;1;6;141.14;NC
défi;1;4;#N/A;#N/A
fluide;1;6;#N/A;#N/A
dorade;1;6;#N/A;#N/A
limonade;1;8;48.17;NC
rodéo;1;5;#N/A;#N/A
dessous;1;7;0.52;NC
déjà;1;4;394.77;ADV
safari;1;6;#N/A;#N/A
admire;1;6;30.90;VER
lionne;1;6;0.61;NC
allume;1;6;76.03;VER
ananas;1;6;63.38;NC
sommes;1;6;58.35;VER
dévoré;1;6;#N/A;#N/A
douché;1;6;#N/A;#N/A
tôt;1;3;67.91;ADV
tout;1;4;1587.52;ADV
tous;1;4;920.86;ADJ
toute;1;5;582.36;ADJ
chuchote;1;8;57.32;VER
lotte;1;5;#N/A;#N/A
étourdir;1;8;#N/A;#N/A
marmotte;1;8;19.29;NC
tâche;1;5;#N/A;#N/A
touche;1;6;48.43;VER
fuite;1;5;8.19;NC
frite;1;5;0.30;ADJ
flûte;1;5;78.53;NC
tata;1;4;#N/A;#N/A
tajine;1;6;#N/A;#N/A
dorée;1;5;8.39;ADJ
idéal;1;5;#N/A;#N/A
foire;1;5;47.26;NC
soirée;1;6;16.18;NC
revoir;1;6;26.02;NC
voilà;1;5;610.82;PRE
voiture;1;7;757.22;NC
voie;1;4;3.72;NC
assoit;1;6;84.04;VER
pot;1;3;374.59;NC
appétit;1;7;56.99;NC
patate;1;6;1.87;NC
pavlova;1;7;#N/A;#N/A
pyramide;1;8;9.54;NC
papi;1;4;#N/A;#N/A
petite;1;6;1144.99;ADJ
patte;1;5;331.43;NC
drone;1;5;#N/A;#N/A
tri;1;3;#N/A;#N/A
ordre;1;5;67.50;NC
litre;1;5;44.62;NC
titre;1;5;44.02;NC
trame;1;5;#N/A;#N/A
vitre;1;5;10.58;NC
prime;1;5;0.38;NC
trône;1;5;#N/A;#N/A
truite;1;6;23.90;NC
trouve;1;6;576.24;VER
plâtre;1;6;25.02;NC
attrapé;1;7;34.00;VER
affût;1;5;#N/A;#N/A
lâché;1;5;#N/A;#N/A
prépare;1;7;185.61;VER
repas;1;5;237.51;NC
soupe;1;5;131.73;NC
molle;1;5;10.69;ADJ
pomme;1;5;465.49;NC
flatte;1;6;#N/A;#N/A
redoute;1;7;#N/A;#N/A
réparé;1;6;19.23;VER
vipère;2;6;36.21;NC
près;2;4;421.70;PRE
forêt;2;5;514.83;NC
fête;2;4;460.26;NC
être;2;4;464.98;VER
arête;2;5;67.06;NC
chêne;2;5;62.95;NC
même;2;4;518.65;ADV
pêche;2;5;163.20;NC
prête;2;5;28.91;VER
rêve;2;4;134.90;NC
tête;2;4;907.81;NC
préfère;2;7;66.80;VER
plus;2;4;2771.16;ADV
fenêtre;2;7;357.81;NC
caché;2;5;58.71;VER
calme;2;5;16.22;ADJ
clame;2;5;#N/A;#N/A
écoute;2;6;269.57;VER
cuisse;2;6;3.80;NC
cactus;2;6;#N/A;#N/A
calcul;2;6;34.22;NC
picore;2;6;1.19;VER
fracas;2;6;3.97;NC
cocorico;2;8;8.22;NC
crêpe;2;5;16.27;NC
canari;2;6;10.72;NC
carie;2;5;0.61;NC
carpe;2;5;2.13;NC
cuire;2;5;88.25;VER
cascade;2;7;10.52;NC
coule;2;5;49.41;VER
étude;2;5;0.43;NC
récupère;2;8;#N/A;#N/A
parle;2;5;163.78;VER
postale;2;7;40.83;ADJ
bus;2;3;0.61;NC
bricole;2;7;0.38;VER
abricot;2;7;28.58;NC
bos;2;3;#N/A;#N/A
bête;2;4;137.91;NC
bras;2;4;242.57;NC
passe;2;5;432.39;VER
bricolé;2;7;0.62;VER
dodu;2;4;#N/A;#N/A
oubli;2;5;3.87;NC
brune;2;5;0.15;NC
échappé;2;7;0.62;VER
marée;2;5;0.52;NC
côté;2;4;471.20;NC
bal;2;3;47.28;NC
début;2;5;74.95;NC
recoudre;2;8;0.52;VER
coudre;2;6;32.70;VER
doudoune;2;8;#N/A;#N/A
bicolore;2;8;#N/A;#N/A
regard;2;6;10.54;NC
grippe;2;6;19.16;NC
rugby;2;5;1.83;NC
déguste;2;7;0.89;VER
gala;2;4;#N/A;#N/A
gourde;2;6;#N/A;#N/A
galerie;2;7;1.05;NC
gâté;2;4;0.62;VER
course;2;6;281.15;NC
allure;2;6;48.30;NC
pirogue;2;7;2.49;NC
fatigué;2;7;35.40;ADJ
figue;2;5;3.84;NC
chaviré;2;7;#N/A;#N/A
touriste;2;8;#N/A;#N/A
troupe;2;6;19.03;NC
depuis;2;6;149.39;PRE
accoste;2;7;#N/A;#N/A
guépard;2;7;0.53;NC
font;2;4;261.89;VER
fondue;2;6;0.76;NC
polisson;2;8;8.04;NC
talon;2;5;8.20;NC
rond;2;4;66.04;ADJ
capuchon;2;8;0.38;NC
ronronne;2;8;13.88;VER
mousson;2;7;#N/A;#N/A
macaron;2;7;#N/A;#N/A
boîte;2;5;234.97;NC
canapé;2;6;19.06;NC
tricote;2;7;36.07;VER
pelote;2;6;41.07;NC
gronde;2;6;5.19;VER
coquine;2;7;0.76;NC
barque;2;6;42.17;NC
boutique;2;8;38.27;NC
attaque;2;7;17.88;VER
pique;2;5;62.12;VER
lorsque;2;7;64.70;CON
comme;2;5;1169.95;CON
bouchon;2;7;35.77;NC
bloque;2;6;#N/A;#N/A
pommade;2;7;18.94;NC
acrobate;2;8;35.36;NC
drôle;2;5;225.81;ADJ
jongle;2;6;3.66;VER
raconte;2;7;129.88;VER
colline;2;7;16.45;NC
gros;2;4;682.05;ADJ
en ;2;3;#N/A;#N/A
ennui;2;5;0.42;NC
rendre;2;6;36.19;VER
endormir;2;8;62.20;VER
enfile;2;6;16.18;VER
entre;2;5;197.17;PRE
immense;2;7;35.40;ADJ
pente;2;5;0.62;NC
avril;2;5;70.50;NC
brosse;2;6;74.45;NC
retour;2;6;167.19;NC
envolé;2;6;10.54;VER
vêtement;2;8;15.65;NC
an;2;2;41.19;NC
sans;2;4;661.82;PRE
dans;2;4;10264.52;PRE
souriant;2;8;28.87;VER
gants;2;5;31.20;NC
tant;2;4;84.23;ADV
chante;2;6;190.07;VER
sortir;2;6;210.47;VER
arbore;2;6;#N/A;#N/A
sublime;2;7;#N/A;#N/A
concocte;2;8;#N/A;#N/A
tendre;2;6;5.47;ADJ
croquant;2;8;#N/A;#N/A
content;2;7;145.18;ADJ
pois;2;4;79.14;NC
purée;2;5;73.25;NC
faute;2;5;50.31;NC
paume;2;5;#N/A;#N/A
taupe;2;5;25.50;NC
aucun;2;5;8.31;ADJ
pauvre;2;6;305.73;ADJ
pré;2;3;343.22;NC
mauve;2;5;0.30;ADJ
monde;2;5;567.32;NC
commandé;2;8;0.42;VER
saumon;2;6;1.27;NC
demandé;2;7;40.00;VER
rôtie;2;5;#N/A;#N/A
régalé;2;6;#N/A;#N/A
concours;2;8;41.61;NC
tango;2;5;#N/A;#N/A
lauréat;2;7;#N/A;#N/A
kaki;2;4;0.43;NC
képpi;2;5;#N/A;#N/A
téléski;2;7;0.37;NC
karaoké;2;7;#N/A;#N/A
maki;2;4;7.57;NC
okapi;2;5;#N/A;#N/A
polka;2;5;0.89;NC
parka;2;5;#N/A;#N/A
judoka;2;6;#N/A;#N/A
lièvre;2;6;66.68;NC
capitale;2;8;1.50;NC
endiablé;2;8;#N/A;#N/A
mais;2;4;3603.59;CON
fais;2;4;430.24;VER
sais;2;4;566.32;VER
plaire;2;6;5.36;VER
marraine;2;8;1.07;NC
plaie;2;5;#N/A;#N/A
traire;2;6;0.42;VER
tondre;2;6;#N/A;#N/A
polaire;2;7;#N/A;#N/A
fois;2;4;653.13;NC
parent;2;6;0.61;VER
mauvais;2;7;13.39;ADJ
aime;2;4;554.17;VER
étable;2;6;19.48;NC
grande;2;6;509.89;ADJ
frais;2;5;32.12;ADJ
bain;2;4;156.76;NC
brin;2;4;50.10;NC
bassin;2;6;21.70;NC
colin;2;5;#N/A;#N/A
lutin;2;5;7.26;NC
invite;2;6;6.45;VER
copain;2;6;63.29;NC
train;2;5;356.20;NC
main;2;4;402.92;NC
pain;2;4;331.26;NC
nain;2;4;50.56;NC
soudain;2;7;155.08;ADV
demain;2;6;201.54;ADV
plante;2;6;5.36;NC
tatin;2;5;#N/A;#N/A
coussin;2;7;56.28;NC
installe;2;8;67.58;VER
peluche;2;7;80.56;NC
cheminée;2;8;74.06;NC
ordure;2;6;#N/A;#N/A
menton;2;6;52.35;NC
pintade;2;7;#N/A;#N/A
poussin;2;7;75.56;NC
sûrement;2;8;96.20;ADV
zébu;2;4;4.88;NC
zinc;2;4;#N/A;#N/A
brave;2;5;0.50;ADJ
obstacle;2;8;0.35;NC
péril;2;5;#N/A;#N/A
chiffre;2;7;22.33;NC
autruche;2;8;21.76;NC
chiot;2;5;1.13;NC
moment;2;6;247.16;NC
gazon;2;5;35.42;NC
véranda;2;7;#N/A;#N/A
amazone;2;7;#N/A;#N/A
talent;2;6;#N/A;#N/A
blette;2;6;#N/A;#N/A
omelette;2;8;47.86;NC
mouette;2;7;0.31;NC
vitesse;2;7;106.80;NC
presse;2;6;0.42;NC
benne;2;5;3.90;NC
renne;2;5;6.31;NC
pivoine;2;7;3.80;NC
avec ;2;5;#N/A;#N/A
dessert;2;7;56.00;NC
mettre;2;6;259.53;VER
lequel;2;6;28.04;PRO
perdre;2;6;63.96;VER
quelque;2;7;151.64;ADJ
personne;2;8;81.42;NC
trois;2;5;737.99;ADJ
assiette;2;8;84.42;NC
violette;2;8;10.49;NC
celui;2;5;123.16;PRO
cime;2;4;#N/A;#N/A
tricycle;2;8;0.50;NC
vacance;2;7;#N/A;#N/A
cible;2;5;3.90;NC
cyclone;2;7;#N/A;#N/A
silence;2;7;85.67;NC
chance;2;6;64.05;NC
cercle;2;6;3.97;NC
façade;2;6;11.87;NC
limaçon;2;7;#N/A;#N/A
cabane;2;6;83.36;NC
camouflé;2;8;#N/A;#N/A
devoir;2;6;10.47;NC
lecture;2;7;43.94;NC
gravir;2;6;#N/A;#N/A
averse;2;6;13.48;NC
fraîche;2;7;36.72;ADJ
branche;2;7;146.63;NC
ensemble;2;8;205.97;ADV
embauche;2;8;#N/A;#N/A
soldat;2;6;25.15;NC
bambou;2;6;#N/A;#N/A
flambe;2;6;0.37;VER
ampoule;2;7;5.55;NC
fable;2;5;12.10;NC
propre;2;6;100.12;ADJ
jungle;2;6;7.83;NC
vitrine;2;7;49.77;NC
escaladé;2;8;#N/A;#N/A
zeste;2;5;#N/A;#N/A
comble;2;6;#N/A;#N/A
sombre;2;6;46.88;ADJ
bombe;2;5;3.86;NC
gomme;2;5;73.07;NC
trombone;2;8;#N/A;#N/A
gazelle;2;7;3.46;NC
tribu;2;5;1.83;NC
faim;2;4;167.93;NC
grimpe;2;6;101.95;VER
sympa;2;5;#N/A;#N/A
gel;3;3;7.65;NC
âge;3;3;12.36;NC
gîte;3;4;#N/A;#N/A
gym;3;3;#N/A;#N/A
gigot;3;5;#N/A;#N/A
agile;3;5;16.15;ADJ
pigeon;3;6;29.55;NC
magie;3;5;5.62;NC
éponge;3;6;31.61;NC
bagage;3;6;#N/A;#N/A
génial;3;6;2.49;ADJ
rugir;3;5;3.84;VER
genou;3;5;70.05;NC
bourgeon;3;8;#N/A;#N/A
linge;3;5;28.48;NC
géant;3;5;58.35;NC
costume;3;7;87.36;NC
méchant;3;7;39.96;ADJ
ose;3;3;3.73;VER
grise;3;5;30.74;ADJ
cuisine;3;7;232.92;NC
musique;3;7;232.04;NC
jalouse;3;7;0.50;ADJ
fusée;3;5;75.16;NC
poésie;3;6;39.70;NC
poison;3;6;28.79;NC
magasin;3;7;137.39;NC
visite;3;6;48.58;NC
marcher;3;7;46.74;VER
écouter;3;7;39.69;VER
acheter;3;7;148.80;VER
rester;3;6;94.09;VER
adorer;3;6;#N/A;#N/A
cacher;3;6;55.10;VER
danser;3;6;19.72;VER
donner;3;6;245.43;VER
grimacer;3;8;#N/A;#N/A
goûter;3;6;109.64;NC
manger;3;6;525.45;VER
penser;3;6;8.39;VER
tomber;3;6;137.08;VER
dimanche;3;8;114.80;NC
pantalon;3;8;129.39;NC
nouer;3;5;0.84;VER
bien;3;4;2758.98;ADV
rien;3;4;643.42;PRO
sien;3;4;19.13;PRO
viens;3;5;176.40;VER
mien;3;4;50.29;PRO
tien;3;4;39.59;PRO
chien;3;5;784.49;NC
magicien;3;8;21.97;NC
violent;3;7;5.71;ADJ
mienne;3;6;3.96;PRO
tienne;3;6;0.50;VER
sienne;3;6;0.50;PRO
commande;3;8;3.83;NC
coucher;3;7;67.90;VER
blottir;3;7;#N/A;#N/A
jouet;3;5;79.37;NC
muet;3;4;5.39;ADJ
admet;3;5;#N/A;#N/A
cadet;3;5;0.43;NC
farfadet;3;8;#N/A;#N/A
volet;3;5;13.62;NC
tiret;3;5;#N/A;#N/A
civet;3;5;#N/A;#N/A
boulet;3;6;#N/A;#N/A
pichet;3;6;#N/A;#N/A
muguet;3;6;58.89;NC
bouquet;3;7;194.11;NC
orage;3;5;67.36;NC
derrière;3;8;169.21;PRE
présence;3;8;#N/A;#N/A
légende;3;7;6.73;NC
jamais;3;6;409.74;ADV
inviter;3;7;10.72;VER
écharpe;3;7;35.50;NC
bonnet;3;6;12.67;NC
tiroir;3;6;42.92;NC
froide;3;6;9.61;ADJ
souvenir;3;8;1.05;NC
enchanté;3;8;3.90;ADJ
peau;3;4;133.61;NC
seau;3;4;95.24;NC
beau;3;4;645.07;ADJ
cadeau;3;6;189.54;NC
oiseau;3;6;446.63;NC
deviner;3;7;0.52;VER
déballer;3;8;#N/A;#N/A
pouvoir;3;7;22.27;VER
cabri;3;5;0.43;NC
thé;3;3;59.17;NC
hublot;3;6;#N/A;#N/A
huître;3;6;1.22;NC
hibou;3;5;85.10;NC
huile;3;5;53.06;NC
étagère;3;7;10.63;NC
décider;3;7;10.34;VER
demander;3;8;57.09;VER
aider;3;5;116.22;VER
raison;3;6;24.42;NC
libre;3;5;35.88;ADJ
progrès;3;7;6.55;NC
croire;3;6;12.11;VER
efforts;3;7;2.64;NC
option;3;6;#N/A;#N/A
spatial;3;7;#N/A;#N/A
martien;3;7;#N/A;#N/A
initial;3;7;#N/A;#N/A
message;3;7;47.72;NC
gaufre;3;6;0.15;NC
biberon;3;7;38.64;NC
aventure;3;8;29.65;NC
attentif;3;8;0.37;ADJ
absorbé;3;7;#N/A;#N/A
promesse;3;8;#N/A;#N/A
agent;3;5;46.80;NC
sécurité;3;8;20.94;NC
uniforme;3;8;11.94;NC
explique;3;8;65.09;VER
décrire;3;7;#N/A;#N/A
fréquent;3;8;#N/A;#N/A
ensuite;3;7;177.31;ADV
exemple;3;7;176.42;NC
complexe;3;8;#N/A;#N/A
exquis;3;6;3.90;ADJ
extrême;3;7;#N/A;#N/A
exercice;3;8;246.36;NC
extra;3;5;8.46;ADJ
dix;3;3;176.78;ADJ
six;3;3;151.99;ADJ
remplir;3;7;10.65;VER
excuse;3;6;25.11;NC
soigner;3;7;37.50;VER
cygne;3;5;13.42;NC
chignon;3;7;12.88;NC
montagne;3;8;333.12;NC
vignoble;3;8;#N/A;#N/A
mulot;3;5;1.27;NC
stocker;3;7;#N/A;#N/A
étrange;3;7;38.87;ADJ
terrier;3;7;0.75;NC
intrigué;3;8;5.53;VER
remarque;3;8;16.33;NC
protéger;3;8;29.31;VER
réserve;3;7;3.52;NC
hérisson;3;8;126.64;NC
fier;3;4;45.54;ADJ
pousser;3;7;28.80;VER
voler;3;5;87.96;VER
autour;3;6;287.60;ADV
accepter;3;8;0.52;VER
chez;3;4;965.07;PRE
huitre;3;6;#N/A;#N/A
couvert;3;7;6.37;VER
démanger;3;8;#N/A;#N/A
marchand;3;8;69.39;NC
toux;3;4;0.35;NC
pierre;3;6;383.13;NP
montrer;3;7;36.80;VER
sauter;3;6;80.57;VER
myrtille;3;8;#N/A;#N/A
leur;4;4;537.29;DET
couleur;4;7;251.44;NC
vieux;4;5;365.75;ADJ
radeau;4;6;0.15;NC
cœur;4;4;236.09;NC
sœur;4;4;277.64;NC
œuf;4;3;321.25;NC
vœu;4;3;25.20;NC
nœud;4;4;200.16;NC
résoudre;4;8;#N/A;#N/A
gagner;4;6;100.11;VER
souvent;4;7;182.68;ADV
classe;4;6;311.41;NC
cheveux;4;7;318.65;NC
dizaine;4;7;8.35;NC
dessiner;4;8;65.84;VER
emmener;4;7;16.35;VER
déranger;4;8;8.45;VER
insister;4;8;0.35;VER
matériel;4;8;44.29;NC
artiste;4;7;5.36;NC
encre;4;5;34.12;NC
heure;4;5;277.48;NC
trophée;4;7;#N/A;#N/A
respirer;4;8;13.36;VER
trompe;4;6;50.58;NC
typhon;4;6;#N/A;#N/A
tempête;4;7;128.13;NC
tropical;4;8;#N/A;#N/A
puissant;4;8;1.05;ADJ
dégât;4;5;#N/A;#N/A
heureux;4;7;317.65;ADJ
vrille;4;6;#N/A;#N/A
escapade;4;8;#N/A;#N/A
comment;4;7;274.03;ADV
coincer;4;7;#N/A;#N/A
plonger;4;7;16.20;VER
étroit;4;6;10.69;ADJ
créature;4;8;0.61;NC
étonnant;4;8;3.85;ADJ
nageoire;4;8;13.65;NC
rassurer;4;8;#N/A;#N/A
certain;4;7;8.28;ADJ
exotique;4;8;0.35;ADJ
étoile;4;6;172.61;NC
spécial;4;7;32.66;ADJ
broyer;4;6;#N/A;#N/A
large;4;5;3.95;ADJ
payer;4;5;88.61;VER
balayer;4;7;8.25;VER
frayeur;4;7;1.13;NC
araignée;4;8;62.87;NC
faufiler;4;8;0.50;VER
dense;4;5;#N/A;#N/A
met;4;3;678.55;VER
miel;4;4;147.40;NC
peigne;4;6;77.32;NC
pleine;4;6;96.06;ADJ
sereine;4;7;#N/A;#N/A
freiner;4;7;0.62;VER
veine;4;5;#N/A;#N/A
seiche;4;6;#N/A;#N/A
serein;4;6;#N/A;#N/A
peigner;4;7;#N/A;#N/A
caille;4;6;0.43;NC
rail;4;4;8.25;NC
sommeil;4;7;96.10;NC
conseil;4;7;65.06;NC
oreille;4;7;116.60;NC
feuille;4;7;246.03;NC
fauteuil;4;8;150.59;NC
écureuil;4;8;157.53;NC
cuillère;4;8;43.75;NC
rouille;4;7;13.54;NC
manière;4;7;3.96;NC
initiale;4;8;#N/A;#N/A
planter;4;7;5.57;VER
question;4;8;58.24;NC
visible;4;7;#N/A;#N/A
lustre;4;6;13.14;NC
promener;4;8;50.39;VER
reflet;4;6;0.61;NC
baigner;4;7;3.84;VER
mystère;4;7;0.15;NC
yéti;4;4;#N/A;#N/A
gruyère;4;7;21.99;NC
yaourt;4;6;54.48;NC
cyclope;4;7;#N/A;#N/A
foraine;4;7;1.21;ADJ
réparer;4;7;29.86;VER
paisible;4;8;#N/A;#N/A
crémeux;4;7;#N/A;#N/A
mythe;4;5;#N/A;#N/A
épais;4;5;22.43;ADJ
effrayer;4;8;3.90;VER
kiwi;4;4;#N/A;#N/A
wagon;4;5;40.09;NC
trapu;4;5;#N/A;#N/A
fourrure;4;8;69.95;NC
tanière;4;7;#N/A;#N/A
nocturne;4;8;#N/A;#N/A
arrière;4;7;55.10;NC
rivière;4;7;466.50;NC
joyeux;4;6;168.89;ADJ
menace;4;6;#N/A;#N/A
effroi;4;6;#N/A;#N/A
astuce;4;6;#N/A;#N/A
déroute;4;7;#N/A;#N/A
victoire;4;8;1.25;NC
curieux;4;7;58.81;ADJ